ID,Date,ReferenceNumber,Ref4,OneDrivePath
33747,2015-07-19,Gamma,Gamma 20150709.jpg,C:\Users\peter\OneDrive\Admin\reports\GoodwinSolutions2015\Gamma\Gamma 20150709.jpg
33748,2015-07-19,Gamma,Gamma 20150709.jpg,C:\Users\peter\OneDrive\Admin\reports\GoodwinSolutions2015\Gamma\Gamma 20150709.jpg
33749,2015-07-18,Formido,Formido 20150718.jpg,C:\Users\peter\OneDrive\Admin\reports\GoodwinSolutions2015\Formido\Formido 20150718.jpg
33750,2015-07-18,Formido,Formido 20150718.jpg,C:\Users\peter\OneDrive\Admin\reports\GoodwinSolutions2015\Formido\Formido 20150718.jpg
33751,2015-07-18,Karwei,Karwei 20150718.jpg,C:\Users\peter\OneDrive\Admin\reports\GoodwinSolutions2015\Karwei\Karwei 20150718.jpg
33752,2015-07-18,Karwei,Karwei 20150718.jpg,C:\Users\peter\OneDrive\Admin\reports\GoodwinSolutions2015\Karwei\Karwei 20150718.jpg
33753,2015-07-14,Centr. Justitieel Incasso bureau,CJIBbmw20170628.jpg,C:\Users\peter\OneDrive\Admin\reports\GoodwinSolutions2015\Centr. Justitieel Incasso bureau\CJIBbmw20170628.jpg
33757,2015-06-17,UPS,UPS 20150617.jpg,C:\Users\peter\OneDrive\Admin\reports\GoodwinSolutions2015\UPS\UPS 20150617.jpg
33758,2015-06-17,UPS,UPS 20150617.jpg,C:\Users\peter\OneDrive\Admin\reports\GoodwinSolutions2015\UPS\UPS 20150617.jpg
33759,2015-06-17,UPS,UPS 20150617.jpg,C:\Users\peter\OneDrive\Admin\reports\GoodwinSolutions2015\UPS\UPS 20150617.jpg
33844,2015-07-18,Winparts,Winparts 20150718.png,C:\Users\peter\OneDrive\Admin\reports\GoodwinSolutions2015\Winparts\Winparts 20150718.png
33936,2015-07-18,Winparts,Winparts 20150718.png,C:\Users\peter\OneDrive\Admin\reports\GoodwinSolutions2015\Winparts\Winparts 20150718.png
34199,2015-09-24,Shabu,Zakenlunch METRI 001.jpg,C:\Users\peter\OneDrive\Admin\reports\GoodwinSolutions2015\Shabu\Zakenlunch METRI 001.jpg
34200,2015-09-24,Shabu,Zakenlunch METRI 001.jpg,C:\Users\peter\OneDrive\Admin\reports\GoodwinSolutions2015\Shabu\Zakenlunch METRI 001.jpg
34201,2015-09-25,USG,Zakenlunch USG 001.jpg,C:\Users\peter\OneDrive\Admin\reports\GoodwinSolutions2015\USG\Zakenlunch USG 001.jpg
34202,2015-09-25,USG,Zakenlunch USG 001.jpg,C:\Users\peter\OneDrive\Admin\reports\GoodwinSolutions2015\USG\Zakenlunch USG 001.jpg
34354,2015-10-01,Incoming Invoices,Zakenlunch Portbase.jpg,C:\Users\peter\OneDrive\Admin\reports\GoodwinSolutions2015\Incoming Invoices\Zakenlunch Portbase.jpg
34355,2015-10-01,Incoming Invoices,Zakenlunch Portbase.jpg,C:\Users\peter\OneDrive\Admin\reports\GoodwinSolutions2015\Incoming Invoices\Zakenlunch Portbase.jpg
34486,2015-10-31,MABI,MABI 001.jpg,C:\Users\peter\OneDrive\Admin\reports\GoodwinSolutions2015\MABI\MABI 001.jpg
34487,2015-10-31,MABI,MABI 001.jpg,C:\Users\peter\OneDrive\Admin\reports\GoodwinSolutions2015\MABI\MABI 001.jpg
34488,2015-05-21,Super Rally,Nw belt SR 2015 002.jpg,C:\Users\peter\OneDrive\Admin\reports\GoodwinSolutions2015\WestCoast GG\Nw belt SR 2015 002.jpg
34489,2015-05-21,Super Rally,Nw belt SR 2015 002.jpg,C:\Users\peter\OneDrive\Admin\reports\GoodwinSolutions2015\WestCoast GG\Nw belt SR 2015 002.jpg
34693,2015-12-05,WestCoast Motors,FLHR Westcoast 2016.jpg,C:\Users\peter\OneDrive\Admin\reports\GoodwinSolutions2015\WestCoast Motors\FLHR Westcoast 2016.jpg
34694,2015-12-05,WestCoast Motors,FLHR Westcoast 2016.jpg,C:\Users\peter\OneDrive\Admin\reports\GoodwinSolutions2015\WestCoast Motors\FLHR Westcoast 2016.jpg
34695,2015-12-05,WestCoast Motors,FLHR Westcoast 2016.jpg,C:\Users\peter\OneDrive\Admin\reports\GoodwinSolutions2015\WestCoast Motors\FLHR Westcoast 2016.jpg
34696,2016-12-05,WestCoast Motors,FLHR Westcoast 2016.jpg,C:\Users\peter\OneDrive\Admin\reports\GoodwinSolutions2015\WestCoast Motors\FLHR Westcoast 2016.jpg
34697,2015-09-15,MM Hoofddorp,HP printer 2015.jpg,C:\Users\peter\OneDrive\Admin\reports\GoodwinSolutions2015\MM Hoofddorp\HP printer 2015.jpg
34698,2015-09-15,MM Hoofddorp,HP printer 2015.jpg,C:\Users\peter\OneDrive\Admin\reports\GoodwinSolutions2015\MM Hoofddorp\HP printer 2015.jpg
34699,2015-10-30,Mes Amis,MesAmis ZakenLunch 2015010.jpg,C:\Users\peter\OneDrive\Admin\reports\GoodwinSolutions2015\Mes Amis\MesAmis ZakenLunch 2015010.jpg
34700,2015-10-30,Mes Amis,MesAmis ZakenLunch 2015010.jpg,C:\Users\peter\OneDrive\Admin\reports\GoodwinSolutions2015\Mes Amis\MesAmis ZakenLunch 2015010.jpg
34701,2015-11-09,Ringfoto,"Bock, Ringfoto, Olympus 20151209.jpg","C:\Users\peter\OneDrive\Admin\reports\GoodwinSolutions2015\Ringfoto\Bock, Ringfoto, Olympus 20151209.jpg"
34702,2015-11-09,Ringfoto,"Bock, Ringfoto, Olympus 20151209.jpg","C:\Users\peter\OneDrive\Admin\reports\GoodwinSolutions2015\Ringfoto\Bock, Ringfoto, Olympus 20151209.jpg"
34816,2016-01-10,Conrad,conrad 20160110a.png,C:\Users\peter\OneDrive\Admin\reports\GoodwinSolutions2016\Conrad\conrad 20160110a.png
34817,2016-01-10,Conrad,conrad 20160110a.png,C:\Users\peter\OneDrive\Admin\reports\GoodwinSolutions2016\Conrad\conrad 20160110a.png
34941,2016-01-10,Conrad,conrad 20160110b.png,C:\Users\peter\OneDrive\Admin\reports\GoodwinSolutions2016\Conrad\conrad 20160110b.png
34942,2016-01-10,Conrad,conrad 20160110b.png,C:\Users\peter\OneDrive\Admin\reports\GoodwinSolutions2016\Conrad\conrad 20160110b.png
35067,2016-01-10,Conrad,conrad 20160110b.png,C:\Users\peter\OneDrive\Admin\reports\GoodwinSolutions2016\Conrad\conrad 20160110b.png
35071,2016-01-26,55-MG-HN,FLHR 2016 Wegenbelasting.jpg,C:\Users\peter\OneDrive\Admin\reports\GoodwinSolutions2016\55-MG-HN\FLHR 2016 Wegenbelasting.jpg
35218,2016-03-07,MM Hoofddorp,Mediamarkt 20160307.jpg,C:\Users\peter\OneDrive\Admin\reports\GoodwinSolutions2016\MM Hoofddorp\Mediamarkt 20160307.jpg
35219,2016-03-07,MM Hoofddorp,Mediamarkt 20160307.jpg,C:\Users\peter\OneDrive\Admin\reports\GoodwinSolutions2016\MM Hoofddorp\Mediamarkt 20160307.jpg
35226,2016-03-15,De Zeeuw,zeeuw rechtsbijstand 2016.jpg,C:\Users\peter\OneDrive\Admin\reports\GoodwinSolutions2016\De Zeeuw\zeeuw rechtsbijstand 2016.jpg
35555,2016-04-25,De Zeeuw,zeeuw rechtsbijstand 2016.jpg,C:\Users\peter\OneDrive\Admin\reports\GoodwinSolutions2016\De Zeeuw\zeeuw rechtsbijstand 2016.jpg
35457,2016-04-16,Hobbygigant.nl,Hobbygigant  20160416.png,C:\Users\peter\OneDrive\Admin\reports\GoodwinSolutions2016\Hobbygigant.nl\Hobbygigant  20160416.png
35458,2016-04-16,Hobbygigant.nl,Hobbygigant  20160416.png,C:\Users\peter\OneDrive\Admin\reports\GoodwinSolutions2016\Hobbygigant.nl\Hobbygigant  20160416.png
35468,2016-04-19,WestCoast Motors,WestCoast 20160419.jpg,C:\Users\peter\OneDrive\Admin\reports\GoodwinSolutions2016\WestCoast Motors\WestCoast 20160419.jpg
35471,2016-04-19,WestCoast Motors,WestCoast 20160419.jpg,C:\Users\peter\OneDrive\Admin\reports\GoodwinSolutions2016\WestCoast Motors\WestCoast 20160419.jpg
35551,2016-04-17,OFM,OFM  20160417.png,C:\Users\peter\OneDrive\Admin\reports\GoodwinSolutions2016\OFM\OFM  20160417.png
35587,2016-04-17,OFM,OFM  20160417.png,C:\Users\peter\OneDrive\Admin\reports\GoodwinSolutions2016\OFM\OFM  20160417.png
35588,2016-04-07,OFM,OFM  20160417.png,C:\Users\peter\OneDrive\Admin\reports\GoodwinSolutions2016\OFM\OFM  20160417.png
35803,2016-06-17,WestCoast Motors,WestCoast 20160617.jpg,C:\Users\peter\OneDrive\Admin\reports\GoodwinSolutions2016\WestCoast Motors\WestCoast 20160617.jpg
35804,2016-06-17,WestCoast Motors,WestCoast 20160617.jpg,C:\Users\peter\OneDrive\Admin\reports\GoodwinSolutions2016\WestCoast Motors\WestCoast 20160617.jpg
36770,2016-10-07,Sanoma,Sanoma 20171230.png,C:\Users\peter\OneDrive\Admin\reports\GoodwinSolutions2016\Sanoma\Sanoma 20171230.png
39977,2017-12-30,Sanoma,Sanoma 20171230.png,C:\Users\peter\OneDrive\Admin\reports\GoodwinSolutions2016\Sanoma\Sanoma 20171230.png
39978,2017-12-30,Sanoma,Sanoma 20171230.png,C:\Users\peter\OneDrive\Admin\reports\GoodwinSolutions2016\Sanoma\Sanoma 20171230.png
36952,2016-11-11,MM Hoofddorp,Mediamarkt.jpg,C:\Users\peter\OneDrive\Admin\reports\GoodwinSolutions2016\MM Hoofddorp\Mediamarkt.jpg
36953,2016-11-11,MM Hoofddorp,Mediamarkt.jpg,C:\Users\peter\OneDrive\Admin\reports\GoodwinSolutions2016\MM Hoofddorp\Mediamarkt.jpg
36954,2016-10-31,MM Hoofddorp,Mediamarkt2.jpg,C:\Users\peter\OneDrive\Admin\reports\GoodwinSolutions2016\MM Hoofddorp\Mediamarkt2.jpg
36955,2016-10-31,MM Hoofddorp,Mediamarkt2.jpg,C:\Users\peter\OneDrive\Admin\reports\GoodwinSolutions2016\MM Hoofddorp\Mediamarkt2.jpg
36979,2016-12-01,De Zeeuw,55-MG-HN 2016.jpg,C:\Users\peter\OneDrive\Admin\reports\GoodwinSolutions2016\De Zeeuw\55-MG-HN 2016.jpg
37080,2016-12-10,WestCoast Motors,Westcoast 20161210.jpg,C:\Users\peter\OneDrive\Admin\reports\GoodwinSolutions2016\WestCoast Motors\Westcoast 20161210.jpg
37081,2016-12-10,WestCoast Motors,Westcoast 20161210.jpg,C:\Users\peter\OneDrive\Admin\reports\GoodwinSolutions2016\WestCoast Motors\Westcoast 20161210.jpg
37194,2016-12-12,WestCoast Motors,Westcoast 20161210.jpg,C:\Users\peter\OneDrive\Admin\reports\GoodwinSolutions2016\WestCoast Motors\Westcoast 20161210.jpg
37291,2016-12-12,WestCoast Motors,Westcoast 20161210.jpg,C:\Users\peter\OneDrive\Admin\reports\GoodwinSolutions2016\WestCoast Motors\Westcoast 20161210.jpg
37292,2016-12-12,WestCoast Motors,Westcoast 20161210.jpg,C:\Users\peter\OneDrive\Admin\reports\GoodwinSolutions2016\WestCoast Motors\Westcoast 20161210.jpg
39968,2017-12-30,WestCoast Motors,Westcoast 20161210.jpg,C:\Users\peter\OneDrive\Admin\reports\GoodwinSolutions2016\WestCoast Motors\Westcoast 20161210.jpg
39969,2017-12-30,WestCoast Motors,Westcoast 20161210.jpg,C:\Users\peter\OneDrive\Admin\reports\GoodwinSolutions2016\WestCoast Motors\Westcoast 20161210.jpg
37335,2016-12-30,Centr. Justitieel Incasso bureau,Office Lens 20161229-161059.jpg,C:\Users\peter\OneDrive\Admin\reports\GoodwinSolutions2016\Centr. Justitieel Incasso bureau\Office Lens 20161229-161059.jpg
37562,2017-02-28,Google,Google 20170228.png,C:\Users\peter\OneDrive\Admin\reports\GoodwinSolutions2017\Google\Google 20170228.png
37563,2017-02-28,Google,Google 20170228.png,C:\Users\peter\OneDrive\Admin\reports\GoodwinSolutions2017\Google\Google 20170228.png
37820,2017-03-31,Google,Google 20170331.png,C:\Users\peter\OneDrive\Admin\reports\GoodwinSolutions2017\Google\Google 20170331.png
37821,2017-03-31,Google,Google 20170331.png,C:\Users\peter\OneDrive\Admin\reports\GoodwinSolutions2017\Google\Google 20170331.png
38005,2017-04-28,Google,Google 20170428.png,C:\Users\peter\OneDrive\Admin\reports\GoodwinSolutions2017\Google\Google 20170428.png
38006,2017-04-28,Google,Google 20170428.png,C:\Users\peter\OneDrive\Admin\reports\GoodwinSolutions2017\Google\Google 20170428.png
38117,2017-06-10,Brezan,Brezan kenttekenplaat 20170610.jpg,C:\Users\peter\OneDrive\Admin\reports\GoodwinSolutions2017\Brezan\Brezan kenttekenplaat 20170610.jpg
38118,2017-06-10,Brezan,Brezan kenttekenplaat 20170610.jpg,C:\Users\peter\OneDrive\Admin\reports\GoodwinSolutions2017\Brezan\Brezan kenttekenplaat 20170610.jpg
38364,2017-05-17,Centr. Justitieel Incasso bureau,CJIBbmw20170517.jpg,C:\Users\peter\OneDrive\Admin\reports\GoodwinSolutions2017\Centr. Justitieel Incasso bureau\CJIBbmw20170517.jpg
38394,2017-06-29,Google,Google 20170629.png,C:\Users\peter\OneDrive\Admin\reports\GoodwinSolutions2017\Google\Google 20170629.png
38395,2017-06-29,Google,Google 20170629.png,C:\Users\peter\OneDrive\Admin\reports\GoodwinSolutions2017\Google\Google 20170629.png
38396,2017-05-29,Google,Google 20170529.png,C:\Users\peter\OneDrive\Admin\reports\GoodwinSolutions2017\Google\Google 20170529.png
38397,2017-05-29,Google,Google 20170529.png,C:\Users\peter\OneDrive\Admin\reports\GoodwinSolutions2017\Google\Google 20170529.png
38442,2017-06-22,Lidl,Lidl invalzaag.jpg,C:\Users\peter\OneDrive\Admin\reports\PeterPrive2017\Lidl\Lidl invalzaag.jpg
38646,2017-07-29,Google,Google 20170729.png,C:\Users\peter\OneDrive\Admin\reports\GoodwinSolutions2017\Google\Google 20170729.png
38647,2017-07-29,Google,Google 20170729.png,C:\Users\peter\OneDrive\Admin\reports\GoodwinSolutions2017\Google\Google 20170729.png
38854,2017-08-29,Google,Google 20170829.png,C:\Users\peter\OneDrive\Admin\reports\GoodwinSolutions2017\Google\Google 20170829.png
38855,2017-08-29,Google,Google 20170829.png,C:\Users\peter\OneDrive\Admin\reports\GoodwinSolutions2017\Google\Google 20170829.png
38871,2017-09-10,SWOOP,Swoop 20170910.png,C:\Users\peter\OneDrive\Admin\reports\GoodwinSolutions2017\SWOOP\Swoop 20170910.png
38872,2017-09-10,SWOOP,Swoop 20170910.png,C:\Users\peter\OneDrive\Admin\reports\GoodwinSolutions2017\SWOOP\Swoop 20170910.png
39868,2018-01-02,Action,IMG_20180102_145822.jpg,C:\Users\peter\OneDrive\Admin\reports\GoodwinSolutions2018\Action\IMG_20180102_145822.jpg
39869,2018-01-02,Action,IMG_20180102_145822.jpg,C:\Users\peter\OneDrive\Admin\reports\GoodwinSolutions2018\Action\IMG_20180102_145822.jpg
39939,2018-01-02,Action,IMG_20180102_145822.jpg,C:\Users\peter\OneDrive\Admin\reports\GoodwinSolutions2018\Action\IMG_20180102_145822.jpg
39870,2018-01-02,ALBERT HEIJN,IMG_20180102_151200.jpg,C:\Users\peter\OneDrive\Admin\reports\GoodwinSolutions2018\ALBERT HEIJN\IMG_20180102_151200.jpg
39871,2018-01-02,ALBERT HEIJN,IMG_20180102_151200.jpg,C:\Users\peter\OneDrive\Admin\reports\GoodwinSolutions2018\ALBERT HEIJN\IMG_20180102_151200.jpg
39981,2018-04-25,Gamma,IMG_20180425_140645.jpg,C:\Users\peter\OneDrive\Admin\reports\GoodwinSolutions2018\Gamma\IMG_20180425_140645.jpg
39982,2018-04-25,Gamma,IMG_20180425_140645.jpg,C:\Users\peter\OneDrive\Admin\reports\GoodwinSolutions2018\Gamma\IMG_20180425_140645.jpg
40169,2018-01-30,Schoenservice,IMG_20180130_114925.jpg,C:\Users\peter\OneDrive\Admin\reports\GoodwinSolutions2018\Schoenservice\IMG_20180130_114925.jpg
40170,2018-01-30,Schoenservice,IMG_20180130_114925.jpg,C:\Users\peter\OneDrive\Admin\reports\GoodwinSolutions2018\Schoenservice\IMG_20180130_114925.jpg
40209,2018-02-03,Action,IMG_20180203_110433.jpg,C:\Users\peter\OneDrive\Admin\reports\GoodwinSolutions2018\Action\IMG_20180203_110433.jpg
40210,2018-02-03,Action,IMG_20180203_110433.jpg,C:\Users\peter\OneDrive\Admin\reports\GoodwinSolutions2018\Action\IMG_20180203_110433.jpg
40473,2018-03-10,Action,IMG_20180310_103539.jpg,C:\Users\peter\OneDrive\Admin\reports\GoodwinSolutions2018\Action\IMG_20180310_103539.jpg
40474,2018-03-10,Action,IMG_20180310_103539.jpg,C:\Users\peter\OneDrive\Admin\reports\GoodwinSolutions2018\Action\IMG_20180310_103539.jpg
40477,2018-03-18,Gamma,IMG_20180314_103840.jpg,C:\Users\peter\OneDrive\Admin\reports\GoodwinSolutions2018\Gamma\IMG_20180314_103840.jpg
40478,2018-03-18,Gamma,IMG_20180314_103840.jpg,C:\Users\peter\OneDrive\Admin\reports\GoodwinSolutions2018\Gamma\IMG_20180314_103840.jpg
40529,2018-03-14,Gamma,IMG_20180314_103840.jpg,C:\Users\peter\OneDrive\Admin\reports\GoodwinSolutions2018\Gamma\IMG_20180314_103840.jpg
40521,2018-03-16,Gamma,IMG_20180316_171733.jpg,C:\Users\peter\OneDrive\Admin\reports\GoodwinSolutions2018\Gamma\IMG_20180316_171733.jpg
40522,2018-03-16,Gamma,IMG_20180316_171733.jpg,C:\Users\peter\OneDrive\Admin\reports\GoodwinSolutions2018\Gamma\IMG_20180316_171733.jpg
40535,2018-03-18,Action,IMG_20180318_140416.jpg,C:\Users\peter\OneDrive\Admin\reports\GoodwinSolutions2018\Action\IMG_20180318_140416.jpg
40536,2018-03-18,Action,IMG_20180318_140416.jpg,C:\Users\peter\OneDrive\Admin\reports\GoodwinSolutions2018\Action\IMG_20180318_140416.jpg
40543,2018-03-20,Lidl,IMG_20180320_114146.jpg,C:\Users\peter\OneDrive\Admin\reports\GoodwinSolutions2018\Lidl\IMG_20180320_114146.jpg
40544,2018-03-20,Lidl,IMG_20180320_114146.jpg,C:\Users\peter\OneDrive\Admin\reports\GoodwinSolutions2018\Lidl\IMG_20180320_114146.jpg
40706,2018-04-04,Gamma,IMG_20180404_185529.jpg,C:\Users\peter\OneDrive\Admin\reports\GoodwinSolutions2018\Gamma\IMG_20180404_185529.jpg
40707,2018-04-04,Gamma,IMG_20180404_185529.jpg,C:\Users\peter\OneDrive\Admin\reports\GoodwinSolutions2018\Gamma\IMG_20180404_185529.jpg
40719,2018-04-04,Gamma,IMG_20180404_185529.jpg,C:\Users\peter\OneDrive\Admin\reports\GoodwinSolutions2018\Gamma\IMG_20180404_185529.jpg
40735,2018-04-01,Centr. Justitieel Incasso bureau,IMG_20180412_152928.jpg,C:\Users\peter\OneDrive\Admin\reports\GoodwinSolutions2018\Centr. Justitieel Incasso bureau\IMG_20180412_152928.jpg
40736,2018-04-12,Hema,IMG_20180412_152742.jpg,C:\Users\peter\OneDrive\Admin\reports\GoodwinSolutions2018\Hema\IMG_20180412_152742.jpg
40737,2018-04-12,Hema,IMG_20180412_152742.jpg,C:\Users\peter\OneDrive\Admin\reports\GoodwinSolutions2018\Hema\IMG_20180412_152742.jpg
40779,2018-04-12,HEMA,IMG_20180412_152742.jpg,C:\Users\peter\OneDrive\Admin\reports\GoodwinSolutions2018\Hema\IMG_20180412_152742.jpg
40744,2018-04-19,Centr. Justitieel Incasso bureau,IMG_20180419_175158.jpg,C:\Users\peter\OneDrive\Admin\reports\GoodwinSolutions2018\Centr. Justitieel Incasso bureau\IMG_20180419_175158.jpg
40746,2018-04-16,Splatch,IMG_20180421_101501.jpg,C:\Users\peter\OneDrive\Admin\reports\GoodwinSolutions2018\Splatch\IMG_20180421_101501.jpg
40747,2018-04-16,Splatch,IMG_20180421_101501.jpg,C:\Users\peter\OneDrive\Admin\reports\GoodwinSolutions2018\Splatch\IMG_20180421_101501.jpg
40796,2018-04-07,Centr. Justitieel Incasso bureau,IMG_20180422_173001.jpg,C:\Users\peter\OneDrive\Admin\reports\GoodwinSolutions2018\Centr. Justitieel Incasso bureau\IMG_20180422_173001.jpg
40834,2018-04-26,Centr. Justitieel Incasso bureau,IMG_20180426_185030.jpg,C:\Users\peter\OneDrive\Admin\reports\GoodwinSolutions2018\Centr. Justitieel Incasso bureau\IMG_20180426_185030.jpg
40845,2018-04-26,Action,20180426_143810.jpg,C:\Users\peter\OneDrive\Admin\reports\GoodwinSolutions2018\Action\20180426_143810.jpg
42748,2018-04-26,Action,20180426_143810.jpg,C:\Users\peter\OneDrive\Admin\reports\GoodwinSolutions2018\Action\20180426_143810.jpg
42749,2018-04-26,Action,20180426_143810.jpg,C:\Users\peter\OneDrive\Admin\reports\GoodwinSolutions2018\Action\20180426_143810.jpg
41029,2018-05-31,Schoenservice,IMG_20180531_111854.jpg,C:\Users\peter\OneDrive\Admin\reports\GoodwinSolutions2018\Schoenservice\IMG_20180531_111854.jpg
41030,2018-05-31,Schoenservice,IMG_20180531_111854.jpg,C:\Users\peter\OneDrive\Admin\reports\GoodwinSolutions2018\Schoenservice\IMG_20180531_111854.jpg
41031,2018-05-31,Lidl,IMG_20180531_111636.jpg,C:\Users\peter\OneDrive\Admin\reports\GoodwinSolutions2018\Lidl\IMG_20180531_111636.jpg
41032,2018-05-31,Lidl,IMG_20180531_111636.jpg,C:\Users\peter\OneDrive\Admin\reports\GoodwinSolutions2018\Lidl\IMG_20180531_111636.jpg
41215,2018-06-15,Action,IMG_20180615_104316.jpg,C:\Users\peter\OneDrive\Admin\reports\GoodwinSolutions2018\Action\IMG_20180615_104316.jpg
41216,2018-06-15,Action,IMG_20180615_104316.jpg,C:\Users\peter\OneDrive\Admin\reports\GoodwinSolutions2018\Action\IMG_20180615_104316.jpg
41272,2018-06-28,Gamma,IMG_20180628_164507.jpg,C:\Users\peter\OneDrive\Admin\reports\GoodwinSolutions2018\Gamma\IMG_20180628_164507.jpg
41273,2018-06-28,Gamma,IMG_20180628_164507.jpg,C:\Users\peter\OneDrive\Admin\reports\GoodwinSolutions2018\Gamma\IMG_20180628_164507.jpg
41318,2018-06-29,Action,IMG_20180629_165021.jpg,C:\Users\peter\OneDrive\Admin\reports\GoodwinSolutions2018\Action\IMG_20180629_165021.jpg
41319,2018-06-29,Action,IMG_20180629_165021.jpg,C:\Users\peter\OneDrive\Admin\reports\GoodwinSolutions2018\Action\IMG_20180629_165021.jpg
41358,2018-07-10,Centr. Justitieel Incasso bureau,IMG_20180709_123132.jpg,C:\Users\peter\OneDrive\Admin\reports\GoodwinSolutions2018\Centr. Justitieel Incasso bureau\IMG_20180709_123132.jpg
41444,2018-07-27,Action,IMG_20180727_123815.jpg,C:\Users\peter\OneDrive\Admin\reports\GoodwinSolutions2018\Action\IMG_20180727_123815.jpg
41445,2018-07-27,Action,IMG_20180727_123815.jpg,C:\Users\peter\OneDrive\Admin\reports\GoodwinSolutions2018\Action\IMG_20180727_123815.jpg
41504,2018-08-03,Action,IMG_20180803_093757.jpg,C:\Users\peter\OneDrive\Admin\reports\GoodwinSolutions2018\Action\IMG_20180803_093757.jpg
41505,2018-08-03,Action,IMG_20180803_093757.jpg,C:\Users\peter\OneDrive\Admin\reports\GoodwinSolutions2018\Action\IMG_20180803_093757.jpg
41518,2018-08-06,Gamma,IMG_20180806_192505.jpg,C:\Users\peter\OneDrive\Admin\reports\GoodwinSolutions2018\Gamma\IMG_20180806_192505.jpg
41519,2018-08-06,Gamma,IMG_20180806_192505.jpg,C:\Users\peter\OneDrive\Admin\reports\GoodwinSolutions2018\Gamma\IMG_20180806_192505.jpg
41522,2018-08-08,Action,IMG_20180808_162638.jpg,C:\Users\peter\OneDrive\Admin\reports\GoodwinSolutions2018\Action\IMG_20180808_162638.jpg
41523,2018-08-08,Action,IMG_20180808_162638.jpg,C:\Users\peter\OneDrive\Admin\reports\GoodwinSolutions2018\Action\IMG_20180808_162638.jpg
41665,2018-09-03,Lidl,IMG_20180903_094021.jpg,C:\Users\peter\OneDrive\Admin\reports\GoodwinSolutions2018\Lidl\IMG_20180903_094021.jpg
41666,2018-09-03,Lidl,IMG_20180903_094021.jpg,C:\Users\peter\OneDrive\Admin\reports\GoodwinSolutions2018\Lidl\IMG_20180903_094021.jpg
41715,2018-09-13,Mediamarkt,IMG_20180913_202145.jpg,C:\Users\peter\OneDrive\Admin\reports\GoodwinSolutions2018\Mediamarkt\IMG_20180913_202145.jpg
41716,2018-09-13,Mediamarkt,IMG_20180913_202145.jpg,C:\Users\peter\OneDrive\Admin\reports\GoodwinSolutions2018\Mediamarkt\IMG_20180913_202145.jpg
41717,2018-09-14,Action,IMG_20180914_104254.jpg,C:\Users\peter\OneDrive\Admin\reports\GoodwinSolutions2018\Action\IMG_20180914_104254.jpg
41718,2018-09-14,Action,IMG_20180914_104254.jpg,C:\Users\peter\OneDrive\Admin\reports\GoodwinSolutions2018\Action\IMG_20180914_104254.jpg
41786,2018-09-21,Action,IMG_20180921_115627.jpg,C:\Users\peter\OneDrive\Admin\reports\GoodwinSolutions2018\Action\IMG_20180921_115627.jpg
41787,2018-09-21,Action,IMG_20180921_115627.jpg,C:\Users\peter\OneDrive\Admin\reports\GoodwinSolutions2018\Action\IMG_20180921_115627.jpg
41799,2018-09-26,E-Bikepoint,E-Bikepoint_20180926_110932.jpg,C:\Users\peter\OneDrive\Admin\reports\GoodwinSolutions2018\E-Bikepoint\E-Bikepoint_20180926_110932.jpg
41800,2018-09-26,E-Bikepoint,E-Bikepoint_20180926_110932.jpg,C:\Users\peter\OneDrive\Admin\reports\GoodwinSolutions2018\E-Bikepoint\E-Bikepoint_20180926_110932.jpg
41885,2018-10-09,Action,IMG_20181009_161523.jpg,C:\Users\peter\OneDrive\Admin\reports\GoodwinSolutions2018\Action\IMG_20181009_161523.jpg
41886,2018-10-09,Action,IMG_20181009_161523.jpg,C:\Users\peter\OneDrive\Admin\reports\GoodwinSolutions2018\Action\IMG_20181009_161523.jpg
41887,2018-10-08,care4floor,care4floor 20181011_175637.jpg,C:\Users\peter\OneDrive\Admin\reports\GoodwinSolutions2018\care4floor\care4floor 20181011_175637.jpg
41888,2018-10-08,care4floor,care4floor 20181011_175637.jpg,C:\Users\peter\OneDrive\Admin\reports\GoodwinSolutions2018\care4floor\care4floor 20181011_175637.jpg
41970,2018-10-26,ALBERT HEIJN,IMG_20181026_153332.jpg,C:\Users\peter\OneDrive\Admin\reports\GoodwinSolutions2018\ALBERT HEIJN\IMG_20181026_153332.jpg
41971,2018-10-26,ALBERT HEIJN,IMG_20181026_153332.jpg,C:\Users\peter\OneDrive\Admin\reports\GoodwinSolutions2018\ALBERT HEIJN\IMG_20181026_153332.jpg
42055,2018-11-04,Action,IMG_20181104_121924.jpg,C:\Users\peter\OneDrive\Admin\reports\GoodwinSolutions2018\Action\IMG_20181104_121924.jpg
42056,2018-11-04,Action,IMG_20181104_121924.jpg,C:\Users\peter\OneDrive\Admin\reports\GoodwinSolutions2018\Action\IMG_20181104_121924.jpg
42057,2018-11-06,MM Hoofddorp,20181107_074210.jpg,C:\Users\peter\OneDrive\Admin\reports\GoodwinSolutions2018\MM Hoofddorp\20181107_074210.jpg
42058,2018-11-06,MM Hoofddorp,20181107_074210.jpg,C:\Users\peter\OneDrive\Admin\reports\GoodwinSolutions2018\MM Hoofddorp\20181107_074210.jpg
42091,2018-11-14,Action,IMG_20181114_115419.jpg,C:\Users\peter\OneDrive\Admin\reports\GoodwinSolutions2018\Action\IMG_20181114_115419.jpg
42092,2018-11-14,Action,IMG_20181114_115419.jpg,C:\Users\peter\OneDrive\Admin\reports\GoodwinSolutions2018\Action\IMG_20181114_115419.jpg
42135,2018-11-21,Allekabels ,AlleKabels 2024-07-22 235723.png,C:\Users\peter\OneDrive\Admin\reports\GoodwinSolutions2018\Allekabels\AlleKabels 2024-07-22 235723.png
42136,2018-11-21,Allekabels ,AlleKabels 2024-07-22 235723.png,C:\Users\peter\OneDrive\Admin\reports\GoodwinSolutions2018\Allekabels\AlleKabels 2024-07-22 235723.png
42197,2018-12-01,Action,IMG_20181201_151800.jpg,C:\Users\peter\OneDrive\Admin\reports\GoodwinSolutions2018\Action\IMG_20181201_151800.jpg
42198,2018-12-01,Action,IMG_20181201_151800.jpg,C:\Users\peter\OneDrive\Admin\reports\GoodwinSolutions2018\Action\IMG_20181201_151800.jpg
42288,2018-12-24,Action,IMG_20181224_092557.jpg,C:\Users\peter\OneDrive\Admin\reports\GoodwinSolutions2018\Action\IMG_20181224_092557.jpg
42289,2018-12-24,Action,IMG_20181224_092557.jpg,C:\Users\peter\OneDrive\Admin\reports\GoodwinSolutions2018\Action\IMG_20181224_092557.jpg
42379,2019-01-12,Action,IMG_20190112_125622.jpg,C:\Users\peter\OneDrive\Admin\reports\GoodwinSolutions2019\Action\IMG_20190112_125622.jpg
42380,2019-01-12,Action,IMG_20190112_125622.jpg,C:\Users\peter\OneDrive\Admin\reports\GoodwinSolutions2019\Action\IMG_20190112_125622.jpg
42409,2019-01-14,Stroet,IMG_20190111_181122.jpg,C:\Users\peter\OneDrive\Admin\reports\GoodwinSolutions2019\Stroet\IMG_20190111_181122.jpg
43263,2019-01-07,Stroet,IMG_20190111_181122.jpg,C:\Users\peter\OneDrive\Admin\reports\GoodwinSolutions2019\Stroet\IMG_20190111_181122.jpg
43694,2019-01-07,Stroet,IMG_20190111_181122.jpg,C:\Users\peter\OneDrive\Admin\reports\GoodwinSolutions2019\Stroet\IMG_20190111_181122.jpg
42432,2019-01-22,Gamma,IMG_20190122_141322.jpg,C:\Users\peter\OneDrive\Admin\reports\GoodwinSolutions2019\Gamma\IMG_20190122_141322.jpg
42433,2019-01-22,Gamma,IMG_20190122_141322.jpg,C:\Users\peter\OneDrive\Admin\reports\GoodwinSolutions2019\Gamma\IMG_20190122_141322.jpg
42442,2019-02-01,MM Hoofddorp,IMG_20190201_133409.jpg,C:\Users\peter\OneDrive\Admin\reports\GoodwinSolutions2019\MM Hoofddorp\IMG_20190201_133409.jpg
42443,2019-02-01,MM Hoofddorp,IMG_20190201_133409.jpg,C:\Users\peter\OneDrive\Admin\reports\GoodwinSolutions2019\MM Hoofddorp\IMG_20190201_133409.jpg
42444,2019-02-01,Action,IMG_20190201_113527.jpg,C:\Users\peter\OneDrive\Admin\reports\GoodwinSolutions2019\Action\IMG_20190201_113527.jpg
42445,2019-02-01,Action,IMG_20190201_113527.jpg,C:\Users\peter\OneDrive\Admin\reports\GoodwinSolutions2019\Action\IMG_20190201_113527.jpg
42448,2019-02-01,Laundry Land,Laundry Land 20190202_115509.jpg,C:\Users\peter\OneDrive\Admin\reports\GoodwinSolutions2019\Laundry Land\Laundry Land 20190202_115509.jpg
42449,2019-02-01,Laundry Land,Laundry Land 20190202_115509.jpg,C:\Users\peter\OneDrive\Admin\reports\GoodwinSolutions2019\Laundry Land\Laundry Land 20190202_115509.jpg
42555,2019-02-06,Action,IMG_20190208_105835.jpg,C:\Users\peter\OneDrive\Admin\reports\GoodwinSolutions2019\Action\IMG_20190208_105835.jpg
42556,2019-02-06,Action,IMG_20190208_105835.jpg,C:\Users\peter\OneDrive\Admin\reports\GoodwinSolutions2019\Action\IMG_20190208_105835.jpg
42557,2019-02-07,Action,IMG_20190207_143642.jpg,C:\Users\peter\OneDrive\Admin\reports\GoodwinSolutions2019\Action\IMG_20190207_143642.jpg
42558,2019-02-07,Action,IMG_20190207_143642.jpg,C:\Users\peter\OneDrive\Admin\reports\GoodwinSolutions2019\Action\IMG_20190207_143642.jpg
42562,2019-01-18,SchoenService,IMG_20190118_195626.jpg,C:\Users\peter\OneDrive\Admin\reports\GoodwinSolutions2019\Schoenservice\IMG_20190118_195626.jpg
42563,2019-01-18,SchoenService,IMG_20190118_195626.jpg,C:\Users\peter\OneDrive\Admin\reports\GoodwinSolutions2019\Schoenservice\IMG_20190118_195626.jpg
42626,2019-02-20,Action,IMG_20190220_111300.jpg,C:\Users\peter\OneDrive\Admin\reports\GoodwinSolutions2019\Action\IMG_20190220_111300.jpg
42627,2019-02-20,Action,IMG_20190220_111300.jpg,C:\Users\peter\OneDrive\Admin\reports\GoodwinSolutions2019\Action\IMG_20190220_111300.jpg
42630,2019-02-21,Leen installatiebedrijf,IMG_20190221_162220.jpg,C:\Users\peter\OneDrive\Admin\reports\GoodwinSolutions2019\Leen installatiebedrijf\IMG_20190221_162220.jpg
42631,2019-02-21,Leen installatiebedrijf,IMG_20190221_162220.jpg,C:\Users\peter\OneDrive\Admin\reports\GoodwinSolutions2019\Leen installatiebedrijf\IMG_20190221_162220.jpg
42634,2019-02-22,MM Hoofddorp,IMG_20190222_173716.jpg,C:\Users\peter\OneDrive\Admin\reports\GoodwinSolutions2019\MM Hoofddorp\IMG_20190222_173716.jpg
42635,2019-02-22,MM Hoofddorp,IMG_20190222_173716.jpg,C:\Users\peter\OneDrive\Admin\reports\GoodwinSolutions2019\MM Hoofddorp\IMG_20190222_173716.jpg
42636,2019-02-22,Action,IMG_20190222_174905.jpg,C:\Users\peter\OneDrive\Admin\reports\GoodwinSolutions2019\Action\IMG_20190222_174905.jpg
42637,2019-02-22,Action,IMG_20190222_174905.jpg,C:\Users\peter\OneDrive\Admin\reports\GoodwinSolutions2019\Action\IMG_20190222_174905.jpg
42743,2018-10-12,Idex,IDEX_20181013_200303.jpg,C:\Users\peter\OneDrive\Admin\reports\GoodwinSolutions2018\Idex\IDEX_20181013_200303.jpg
42744,2018-10-12,Idex,IDEX_20181013_200303.jpg,C:\Users\peter\OneDrive\Admin\reports\GoodwinSolutions2018\Idex\IDEX_20181013_200303.jpg
42762,2019-03-14,Intratuin,IMG_20190314_170240.jpg,C:\Users\peter\OneDrive\Admin\reports\GoodwinSolutions2019\Intratuin\IMG_20190314_170240.jpg
42763,2019-03-14,Intratuin,IMG_20190314_170240.jpg,C:\Users\peter\OneDrive\Admin\reports\GoodwinSolutions2019\Intratuin\IMG_20190314_170240.jpg
42820,2019-03-16,Action,IMG_20190316_164306.jpg,C:\Users\peter\OneDrive\Admin\reports\GoodwinSolutions2019\Action\IMG_20190316_164306.jpg
42821,2019-03-16,Action,IMG_20190316_164306.jpg,C:\Users\peter\OneDrive\Admin\reports\GoodwinSolutions2019\Action\IMG_20190316_164306.jpg
42858,2019-03-26,Aldi,IMG_20190326_152632.jpg,C:\Users\peter\OneDrive\Admin\reports\GoodwinSolutions2019\Aldi\IMG_20190326_152632.jpg
42859,2019-03-26,Aldi,IMG_20190326_152632.jpg,C:\Users\peter\OneDrive\Admin\reports\GoodwinSolutions2019\Aldi\IMG_20190326_152632.jpg
42860,2019-03-26,Action,IMG_20190326_155521.jpg,C:\Users\peter\OneDrive\Admin\reports\GoodwinSolutions2019\Action\IMG_20190326_155521.jpg
42861,2019-03-26,Action,IMG_20190326_155521.jpg,C:\Users\peter\OneDrive\Admin\reports\GoodwinSolutions2019\Action\IMG_20190326_155521.jpg
43072,2019-04-25,Special Paint,Special Paint_20190425_132842.jpg,C:\Users\peter\OneDrive\Admin\reports\GoodwinSolutions2019\Special Paint\Special Paint_20190425_132842.jpg
43073,2019-04-25,Special Paint,Special Paint_20190425_132842.jpg,C:\Users\peter\OneDrive\Admin\reports\GoodwinSolutions2019\Special Paint\Special Paint_20190425_132842.jpg
43074,2019-04-23,Glaspunt,Glaspunt_20190424_145622.jpg,C:\Users\peter\OneDrive\Admin\reports\GoodwinSolutions2019\Glaspunt\Glaspunt_20190424_145622.jpg
43075,2019-04-23,Glaspunt,Glaspunt_20190424_145622.jpg,C:\Users\peter\OneDrive\Admin\reports\GoodwinSolutions2019\Glaspunt\Glaspunt_20190424_145622.jpg
43076,2019-04-24,Action,IMG_20190424_141513.jpg,C:\Users\peter\OneDrive\Admin\reports\GoodwinSolutions2019\Action\IMG_20190424_141513.jpg
43077,2019-04-24,Action,IMG_20190424_141513.jpg,C:\Users\peter\OneDrive\Admin\reports\GoodwinSolutions2019\Action\IMG_20190424_141513.jpg
43133,2019-04-30,Aquatic,Aquatic_20190430_152759.jpg,C:\Users\peter\OneDrive\Admin\reports\GoodwinSolutions2019\Aquatic\Aquatic_20190430_152759.jpg
43134,2019-04-30,Aquatic,Aquatic_20190430_152759.jpg,C:\Users\peter\OneDrive\Admin\reports\GoodwinSolutions2019\Aquatic\Aquatic_20190430_152759.jpg
43139,2019-05-06,Albert Heijn,IMG_20190506_192548.jpg,C:\Users\peter\OneDrive\Admin\reports\GoodwinSolutions2019\Albert Heijn\IMG_20190506_192548.jpg
43140,2019-05-06,Albert Heijn,IMG_20190506_192548.jpg,C:\Users\peter\OneDrive\Admin\reports\GoodwinSolutions2019\Albert Heijn\IMG_20190506_192548.jpg
43197,2019-05-06,Albert Heijn,IMG_20190506_192548.jpg,C:\Users\peter\OneDrive\Admin\reports\GoodwinSolutions2019\Albert Heijn\IMG_20190506_192548.jpg
43148,2019-05-11,Action,IMG_20190511_154918.jpg,C:\Users\peter\OneDrive\Admin\reports\GoodwinSolutions2019\Action\IMG_20190511_154918.jpg
43149,2019-05-11,Action,IMG_20190511_154918.jpg,C:\Users\peter\OneDrive\Admin\reports\GoodwinSolutions2019\Action\IMG_20190511_154918.jpg
43209,2019-05-12,Gamma,IMG_20190512_145716.jpg,C:\Users\peter\OneDrive\Admin\reports\GoodwinSolutions2019\Gamma\IMG_20190512_145716.jpg
43210,2019-05-12,Gamma,IMG_20190512_145716.jpg,C:\Users\peter\OneDrive\Admin\reports\GoodwinSolutions2019\Gamma\IMG_20190512_145716.jpg
43211,2019-05-16,Action,IMG_20190516_104111.jpg,C:\Users\peter\OneDrive\Admin\reports\GoodwinSolutions2019\Action\IMG_20190516_104111.jpg
43212,2019-05-16,Action,IMG_20190516_104111.jpg,C:\Users\peter\OneDrive\Admin\reports\GoodwinSolutions2019\Action\IMG_20190516_104111.jpg
43303,2019-05-29,Action,IMG_20190529_110029.jpg,C:\Users\peter\OneDrive\Admin\reports\GoodwinSolutions2019\Action\IMG_20190529_110029.jpg
43304,2019-05-29,Action,IMG_20190529_110029.jpg,C:\Users\peter\OneDrive\Admin\reports\GoodwinSolutions2019\Action\IMG_20190529_110029.jpg
43305,2019-05-29,Hema,HEMA_20190529_110633.jpg,C:\Users\peter\OneDrive\Admin\reports\GoodwinSolutions2019\Hema\HEMA_20190529_110633.jpg
43306,2019-05-29,Hema,HEMA_20190529_110633.jpg,C:\Users\peter\OneDrive\Admin\reports\GoodwinSolutions2019\Hema\HEMA_20190529_110633.jpg
43336,2019-06-09,Action,20190608_142841.jpg,C:\Users\peter\OneDrive\Admin\reports\GoodwinSolutions2019\Action\20190608_142841.jpg
43337,2019-06-09,Action,20190608_142841.jpg,C:\Users\peter\OneDrive\Admin\reports\GoodwinSolutions2019\Action\20190608_142841.jpg
43485,2019-06-19,Schoenservice,IMG_20190619_125739.jpg,C:\Users\peter\OneDrive\Admin\reports\GoodwinSolutions2019\Schoenservice\IMG_20190619_125739.jpg
43486,2019-06-19,Schoenservice,IMG_20190619_125739.jpg,C:\Users\peter\OneDrive\Admin\reports\GoodwinSolutions2019\Schoenservice\IMG_20190619_125739.jpg
43491,2019-06-15,Sissy-Boy,Sissy-Boy_20190615_182103.jpg,C:\Users\peter\OneDrive\Admin\reports\GoodwinSolutions2019\Sissy-Boy\Sissy-Boy_20190615_182103.jpg
43492,2019-06-15,Sissy-Boy,Sissy-Boy_20190615_182103.jpg,C:\Users\peter\OneDrive\Admin\reports\GoodwinSolutions2019\Sissy-Boy\Sissy-Boy_20190615_182103.jpg
43517,2019-06-22,Bouwmaat,IMG_20190622_151907.jpg,C:\Users\peter\OneDrive\Admin\reports\GoodwinSolutions2019\Bouwmaat\IMG_20190622_151907.jpg
43518,2019-06-22,Bouwmaat,IMG_20190622_151907.jpg,C:\Users\peter\OneDrive\Admin\reports\GoodwinSolutions2019\Bouwmaat\IMG_20190622_151907.jpg
43520,2019-06-20,Blauwhof,Blauwhof IMG_20190624_120811.jpg,C:\Users\peter\OneDrive\Admin\reports\GoodwinSolutions2019\Blauwhof\Blauwhof IMG_20190624_120811.jpg
43521,2019-06-20,Blauwhof,Blauwhof IMG_20190624_120811.jpg,C:\Users\peter\OneDrive\Admin\reports\GoodwinSolutions2019\Blauwhof\Blauwhof IMG_20190624_120811.jpg
43530,2019-06-26,Action,IMG_20190626_170026.jpg,C:\Users\peter\OneDrive\Admin\reports\GoodwinSolutions2019\Action\IMG_20190626_170026.jpg
43531,2019-06-26,Action,IMG_20190626_170026.jpg,C:\Users\peter\OneDrive\Admin\reports\GoodwinSolutions2019\Action\IMG_20190626_170026.jpg
43623,2019-07-04,Gamma,IMG_20190704_121721.jpg,C:\Users\peter\OneDrive\Admin\reports\GoodwinSolutions2019\Gamma\IMG_20190704_121721.jpg
43624,2019-07-04,Gamma,IMG_20190704_121721.jpg,C:\Users\peter\OneDrive\Admin\reports\GoodwinSolutions2019\Gamma\IMG_20190704_121721.jpg
43707,2019-07-06,Action,IMG_20190705_180153.jpg,C:\Users\peter\OneDrive\Admin\reports\GoodwinSolutions2019\Action\IMG_20190705_180153.jpg
43708,2019-07-06,Action,IMG_20190705_180153.jpg,C:\Users\peter\OneDrive\Admin\reports\GoodwinSolutions2019\Action\IMG_20190705_180153.jpg
43709,2019-07-09,Bouwmaat,IMG_20190709_123412.jpg,C:\Users\peter\OneDrive\Admin\reports\GoodwinSolutions2019\Bouwmaat\IMG_20190709_123412.jpg
43710,2019-07-09,Bouwmaat,IMG_20190709_123412.jpg,C:\Users\peter\OneDrive\Admin\reports\GoodwinSolutions2019\Bouwmaat\IMG_20190709_123412.jpg
43744,2019-07-11,Action,IMG_20190711_162006.jpg,C:\Users\peter\OneDrive\Admin\reports\GoodwinSolutions2019\Action\IMG_20190711_162006.jpg
43745,2019-07-11,Action,IMG_20190711_162006.jpg,C:\Users\peter\OneDrive\Admin\reports\GoodwinSolutions2019\Action\IMG_20190711_162006.jpg
43804,2019-07-19,Karwei,IMG_20190719_205823.jpg,C:\Users\peter\OneDrive\Admin\reports\GoodwinSolutions2019\Karwei\IMG_20190719_205823.jpg
43805,2019-07-19,Karwei,IMG_20190719_205823.jpg,C:\Users\peter\OneDrive\Admin\reports\GoodwinSolutions2019\Karwei\IMG_20190719_205823.jpg
43830,2019-07-24,MM Hoofddorp,IMG_20190724_100141.jpg,C:\Users\peter\OneDrive\Admin\reports\GoodwinSolutions2019\MM Hoofddorp\IMG_20190724_100141.jpg
43831,2019-07-24,MM Hoofddorp,IMG_20190724_100141.jpg,C:\Users\peter\OneDrive\Admin\reports\GoodwinSolutions2019\MM Hoofddorp\IMG_20190724_100141.jpg
43840,2019-07-25,MM Hoofddorp,IMG_20190725_180036.jpg,C:\Users\peter\OneDrive\Admin\reports\GoodwinSolutions2019\MM Hoofddorp\IMG_20190725_180036.jpg
43841,2019-07-25,MM Hoofddorp,IMG_20190725_180036.jpg,C:\Users\peter\OneDrive\Admin\reports\GoodwinSolutions2019\MM Hoofddorp\IMG_20190725_180036.jpg
43900,2019-08-01,Gamma,IMG_20190801_205726.jpg,C:\Users\peter\OneDrive\Admin\reports\GoodwinSolutions2019\Gamma\IMG_20190801_205726.jpg
43901,2019-08-01,Gamma,IMG_20190801_205726.jpg,C:\Users\peter\OneDrive\Admin\reports\GoodwinSolutions2019\Gamma\IMG_20190801_205726.jpg
43917,2019-08-03,Karwei,IMG_20190803_193503.jpg,C:\Users\peter\OneDrive\Admin\reports\GoodwinSolutions2019\Karwei\IMG_20190803_193503.jpg
43918,2019-08-03,Karwei,IMG_20190803_193503.jpg,C:\Users\peter\OneDrive\Admin\reports\GoodwinSolutions2019\Karwei\IMG_20190803_193503.jpg
44021,2019-08-17,Action,IMG_20190817_164341.jpg,C:\Users\peter\OneDrive\Admin\reports\GoodwinSolutions2019\Action\IMG_20190817_164341.jpg
44022,2019-08-17,Action,IMG_20190817_164341.jpg,C:\Users\peter\OneDrive\Admin\reports\GoodwinSolutions2019\Action\IMG_20190817_164341.jpg
44023,2019-08-20,Hornbach,Hornbach_20190820_111809.jpg,C:\Users\peter\OneDrive\Admin\reports\GoodwinSolutions2019\Hornbach\Hornbach_20190820_111809.jpg
44024,2019-08-20,Hornbach,Hornbach_20190820_111809.jpg,C:\Users\peter\OneDrive\Admin\reports\GoodwinSolutions2019\Hornbach\Hornbach_20190820_111809.jpg
44045,2019-08-22,Gamma,IMG_20190822_120858.jpg,C:\Users\peter\OneDrive\Admin\reports\GoodwinSolutions2019\Gamma\IMG_20190822_120858.jpg
44046,2019-08-22,Gamma,IMG_20190822_120858.jpg,C:\Users\peter\OneDrive\Admin\reports\GoodwinSolutions2019\Gamma\IMG_20190822_120858.jpg
44125,2019-08-30,Action,IMG_20190830_191706.jpg,C:\Users\peter\OneDrive\Admin\reports\GoodwinSolutions2019\Action\IMG_20190830_191706.jpg
44126,2019-08-30,Action,IMG_20190830_191706.jpg,C:\Users\peter\OneDrive\Admin\reports\GoodwinSolutions2019\Action\IMG_20190830_191706.jpg
44145,2019-09-08,IKEA,IMG_20190910_194006.jpg,C:\Users\peter\OneDrive\Admin\reports\GoodwinSolutions2019\IKEA\IMG_20190910_194006.jpg
44146,2019-09-08,IKEA,IMG_20190910_194006.jpg,C:\Users\peter\OneDrive\Admin\reports\GoodwinSolutions2019\IKEA\IMG_20190910_194006.jpg
44149,2019-09-10,Karwei,IMG_20190910_193346.jpg,C:\Users\peter\OneDrive\Admin\reports\GoodwinSolutions2019\Karwei\IMG_20190910_193346.jpg
44150,2019-09-10,Karwei,IMG_20190910_193346.jpg,C:\Users\peter\OneDrive\Admin\reports\GoodwinSolutions2019\Karwei\IMG_20190910_193346.jpg
44151,2019-09-10,Gamma,IMG_20190910_191503.jpg,C:\Users\peter\OneDrive\Admin\reports\GoodwinSolutions2019\Gamma\IMG_20190910_191503.jpg
44152,2019-09-10,Gamma,IMG_20190910_191503.jpg,C:\Users\peter\OneDrive\Admin\reports\GoodwinSolutions2019\Gamma\IMG_20190910_191503.jpg
44153,2019-09-10,Brezan,Brezan_20190910_141624.jpg,C:\Users\peter\OneDrive\Admin\reports\GoodwinSolutions2019\Brezan\Brezan_20190910_141624.jpg
44154,2019-09-10,Brezan,Brezan_20190910_141624.jpg,C:\Users\peter\OneDrive\Admin\reports\GoodwinSolutions2019\Brezan\Brezan_20190910_141624.jpg
44160,2019-09-10,Gamma,20190910_112441.jpg,C:\Users\peter\OneDrive\Admin\reports\GoodwinSolutions2019\Gamma\20190910_112441.jpg
44161,2019-09-10,Gamma,20190910_112441.jpg,C:\Users\peter\OneDrive\Admin\reports\GoodwinSolutions2019\Gamma\20190910_112441.jpg
44164,2019-09-10,Karwei,20190910_112349.jpg,C:\Users\peter\OneDrive\Admin\reports\GoodwinSolutions2019\Karwei\20190910_112349.jpg
44165,2019-09-10,Karwei,20190910_112349.jpg,C:\Users\peter\OneDrive\Admin\reports\GoodwinSolutions2019\Karwei\20190910_112349.jpg
44166,2019-09-10,Gamma,IMG_20190908_144841.jpg,C:\Users\peter\OneDrive\Admin\reports\GoodwinSolutions2019\Gamma\IMG_20190908_144841.jpg
44167,2019-09-10,Gamma,IMG_20190908_144841.jpg,C:\Users\peter\OneDrive\Admin\reports\GoodwinSolutions2019\Gamma\IMG_20190908_144841.jpg
44270,2019-09-11,Gamma,IMG_20190911_111231.jpg,C:\Users\peter\OneDrive\Admin\reports\GoodwinSolutions2019\Gamma\IMG_20190911_111231.jpg
44271,2019-09-11,Gamma,IMG_20190911_111231.jpg,C:\Users\peter\OneDrive\Admin\reports\GoodwinSolutions2019\Gamma\IMG_20190911_111231.jpg
44274,2019-09-13,Gamma,IMG_20190913_202312.jpg,C:\Users\peter\OneDrive\Admin\reports\GoodwinSolutions2019\Gamma\IMG_20190913_202312.jpg
44275,2019-09-13,Gamma,IMG_20190913_202312.jpg,C:\Users\peter\OneDrive\Admin\reports\GoodwinSolutions2019\Gamma\IMG_20190913_202312.jpg
44290,2019-09-15,Action,IMG_20190915_135435.jpg,C:\Users\peter\OneDrive\Admin\reports\GoodwinSolutions2019\Action\IMG_20190915_135435.jpg
44291,2019-09-15,Action,IMG_20190915_135435.jpg,C:\Users\peter\OneDrive\Admin\reports\GoodwinSolutions2019\Action\IMG_20190915_135435.jpg
44302,2019-09-15,Albert Heijn,IMG_20190914_164921.jpg,C:\Users\peter\OneDrive\Admin\reports\GoodwinSolutions2019\Albert Heijn\IMG_20190914_164921.jpg
44303,2019-09-15,Albert Heijn,IMG_20190914_164921.jpg,C:\Users\peter\OneDrive\Admin\reports\GoodwinSolutions2019\Albert Heijn\IMG_20190914_164921.jpg
44304,2019-09-15,Xenos,IMG_20190914_162611.jpg,C:\Users\peter\OneDrive\Admin\reports\GoodwinSolutions2019\Xenos\IMG_20190914_162611.jpg
44305,2019-09-15,Xenos,IMG_20190914_162611.jpg,C:\Users\peter\OneDrive\Admin\reports\GoodwinSolutions2019\Xenos\IMG_20190914_162611.jpg
44306,2019-09-14,Action,IMG_20190914_155657.jpg,C:\Users\peter\OneDrive\Admin\reports\GoodwinSolutions2019\Action\IMG_20190914_155657.jpg
44307,2019-09-14,Action,IMG_20190914_155657.jpg,C:\Users\peter\OneDrive\Admin\reports\GoodwinSolutions2019\Action\IMG_20190914_155657.jpg
44308,2019-09-12,Hornbach,Hornbach 20190913_092352.jpg,C:\Users\peter\OneDrive\Admin\reports\GoodwinSolutions2019\Hornbach\Hornbach 20190913_092352.jpg
44311,2019-09-12,Hornbach,Hornbach 20190913_092352.jpg,C:\Users\peter\OneDrive\Admin\reports\GoodwinSolutions2019\Hornbach\Hornbach 20190913_092352.jpg
44312,2019-09-13,Karwei,20190913_092249.jpg,C:\Users\peter\OneDrive\Admin\reports\GoodwinSolutions2019\Karwei\20190913_092249.jpg
44313,2019-09-13,Karwei,20190913_092249.jpg,C:\Users\peter\OneDrive\Admin\reports\GoodwinSolutions2019\Karwei\20190913_092249.jpg
44323,2019-09-19,Karwei,IMG_20190919_131641.jpg,C:\Users\peter\OneDrive\Admin\reports\GoodwinSolutions2019\Karwei\IMG_20190919_131641.jpg
44324,2019-09-19,Karwei,IMG_20190919_131641.jpg,C:\Users\peter\OneDrive\Admin\reports\GoodwinSolutions2019\Karwei\IMG_20190919_131641.jpg
44325,2019-09-21,Action,20190921_124231.jpg,C:\Users\peter\OneDrive\Admin\reports\GoodwinSolutions2019\Action\20190921_124231.jpg
44326,2019-09-21,Action,20190921_124231.jpg,C:\Users\peter\OneDrive\Admin\reports\GoodwinSolutions2019\Action\20190921_124231.jpg
44327,2019-09-21,Intratuin,IMG_20190921_121618.jpg,C:\Users\peter\OneDrive\Admin\reports\GoodwinSolutions2019\Intratuin\IMG_20190921_121618.jpg
44328,2019-09-21,Intratuin,IMG_20190921_121618.jpg,C:\Users\peter\OneDrive\Admin\reports\GoodwinSolutions2019\Intratuin\IMG_20190921_121618.jpg
44329,2019-09-18,Sprayblussers,Sprayblussers_20190920_175433.jpg,C:\Users\peter\OneDrive\Admin\reports\GoodwinSolutions2019\Sprayblussers\Sprayblussers_20190920_175433.jpg
44330,2019-09-18,Sprayblussers,Sprayblussers_20190920_175433.jpg,C:\Users\peter\OneDrive\Admin\reports\GoodwinSolutions2019\Sprayblussers\Sprayblussers_20190920_175433.jpg
44336,2019-09-19,IKEA,IMG_20190919_201709.jpg,C:\Users\peter\OneDrive\Admin\reports\GoodwinSolutions2019\IKEA\IMG_20190919_201709.jpg
44337,2019-09-19,IKEA,IMG_20190919_201709.jpg,C:\Users\peter\OneDrive\Admin\reports\GoodwinSolutions2019\IKEA\IMG_20190919_201709.jpg
44338,2019-09-17,Gamma,IMG_20190917_175632.jpg,C:\Users\peter\OneDrive\Admin\reports\GoodwinSolutions2019\Gamma\IMG_20190917_175632.jpg
44339,2019-09-17,Gamma,IMG_20190917_175632.jpg,C:\Users\peter\OneDrive\Admin\reports\GoodwinSolutions2019\Gamma\IMG_20190917_175632.jpg
44340,2019-09-17,Gamma,IMG_20190917_172529.jpg,C:\Users\peter\OneDrive\Admin\reports\GoodwinSolutions2019\Gamma\IMG_20190917_172529.jpg
44341,2019-09-17,Gamma,IMG_20190917_172529.jpg,C:\Users\peter\OneDrive\Admin\reports\GoodwinSolutions2019\Gamma\IMG_20190917_172529.jpg
44415,2019-09-15,Blokker,IMG_20190915_141452.jpg,C:\Users\peter\OneDrive\Admin\reports\GoodwinSolutions2019\Blokker\IMG_20190915_141452.jpg
44561,2019-09-15,Blokker,IMG_20190915_141452.jpg,C:\Users\peter\OneDrive\Admin\reports\GoodwinSolutions2019\Blokker\IMG_20190915_141452.jpg
44562,2019-09-15,Blokker,IMG_20190915_141452.jpg,C:\Users\peter\OneDrive\Admin\reports\GoodwinSolutions2019\Blokker\IMG_20190915_141452.jpg
44522,2019-10-03,Action,IMG_20191003_120826.jpg,C:\Users\peter\OneDrive\Admin\reports\GoodwinSolutions2019\Action\IMG_20191003_120826.jpg
44523,2019-10-03,Action,IMG_20191003_120826.jpg,C:\Users\peter\OneDrive\Admin\reports\GoodwinSolutions2019\Action\IMG_20191003_120826.jpg
44563,2019-09-22,Blokker,20190922_132103.jpg,C:\Users\peter\OneDrive\Admin\reports\GoodwinSolutions2019\Blokker\20190922_132103.jpg
44564,2019-09-22,Blokker,20190922_132103.jpg,C:\Users\peter\OneDrive\Admin\reports\GoodwinSolutions2019\Blokker\20190922_132103.jpg
44570,2019-09-06,Hornbach,Hornbach 20190906_183230.jpg,C:\Users\peter\OneDrive\Admin\reports\GoodwinSolutions2019\Hornbach\Hornbach 20190906_183230.jpg
44571,2019-09-06,Hornbach,Hornbach 20190906_183230.jpg,C:\Users\peter\OneDrive\Admin\reports\GoodwinSolutions2019\Hornbach\Hornbach 20190906_183230.jpg
44572,2019-09-10,Gamma,IMG_20190911_165759.jpg,C:\Users\peter\OneDrive\Admin\reports\GoodwinSolutions2019\Gamma\IMG_20190911_165759.jpg
44573,2019-09-10,Gamma,IMG_20190911_165759.jpg,C:\Users\peter\OneDrive\Admin\reports\GoodwinSolutions2019\Gamma\IMG_20190911_165759.jpg
44587,2019-10-08,MM Hoofddorp,IMG_20191007_131814.jpg,C:\Users\peter\OneDrive\Admin\reports\GoodwinSolutions2019\MM Hoofddorp\IMG_20191007_131814.jpg
44588,2019-10-08,MM Hoofddorp,IMG_20191007_131814.jpg,C:\Users\peter\OneDrive\Admin\reports\GoodwinSolutions2019\MM Hoofddorp\IMG_20191007_131814.jpg
44589,2019-10-09,Action,IMG_20191009_122633.jpg,C:\Users\peter\OneDrive\Admin\reports\GoodwinSolutions2019\Action\IMG_20191009_122633.jpg
44590,2019-10-09,Action,IMG_20191009_122633.jpg,C:\Users\peter\OneDrive\Admin\reports\GoodwinSolutions2019\Action\IMG_20191009_122633.jpg
44655,2019-10-15,Gamma,IMG_20191015_180332.jpg,C:\Users\peter\OneDrive\Admin\reports\GoodwinSolutions2019\Gamma\IMG_20191015_180332.jpg
44706,2019-10-16,Afstandsbediening,Afstandsbediening 2024-07-22 234151.png,C:\Users\peter\OneDrive\Admin\reports\GoodwinSolutions2019\Afstandsbediening\Afstandsbediening 2024-07-22 234151.png
44707,2019-10-16,Afstandsbediening,Afstandsbediening 2024-07-22 234151.png,C:\Users\peter\OneDrive\Admin\reports\GoodwinSolutions2019\Afstandsbediening\Afstandsbediening 2024-07-22 234151.png
44708,2019-10-19,Albert Heijn,IMG_20191019_115553.jpg,C:\Users\peter\OneDrive\Admin\reports\GoodwinSolutions2019\Albert Heijn\IMG_20191019_115553.jpg
44709,2019-10-19,Albert Heijn,IMG_20191019_115553.jpg,C:\Users\peter\OneDrive\Admin\reports\GoodwinSolutions2019\Albert Heijn\IMG_20191019_115553.jpg
44710,2019-10-19,Action,IMG_20191019_114742.jpg,C:\Users\peter\OneDrive\Admin\reports\GoodwinSolutions2019\Action\IMG_20191019_114742.jpg
44711,2019-10-19,Action,IMG_20191019_114742.jpg,C:\Users\peter\OneDrive\Admin\reports\GoodwinSolutions2019\Action\IMG_20191019_114742.jpg
44763,2019-10-19,SchoenService,IMG_20191023_120950.jpg,C:\Users\peter\OneDrive\Admin\reports\GoodwinSolutions2019\Schoenservice\IMG_20191023_120950.jpg
44764,2019-10-19,SchoenService,IMG_20191023_120950.jpg,C:\Users\peter\OneDrive\Admin\reports\GoodwinSolutions2019\Schoenservice\IMG_20191023_120950.jpg
44812,2019-11-01,Action,IMG_20191101_142738.jpg,C:\Users\peter\OneDrive\Admin\reports\GoodwinSolutions2019\Action\IMG_20191101_142738.jpg
44813,2019-11-01,Action,IMG_20191101_142738.jpg,C:\Users\peter\OneDrive\Admin\reports\GoodwinSolutions2019\Action\IMG_20191101_142738.jpg
44815,2019-11-05,Kruidvat,kruidvat_20191105_151416.jpg,C:\Users\peter\OneDrive\Admin\reports\GoodwinSolutions2019\Kruidvat\kruidvat_20191105_151416.jpg
44816,2019-11-05,Kruidvat,kruidvat_20191105_151416.jpg,C:\Users\peter\OneDrive\Admin\reports\GoodwinSolutions2019\Kruidvat\kruidvat_20191105_151416.jpg
44837,2019-11-02,Google,Google 20191102.png,C:\Users\peter\OneDrive\Admin\reports\GoodwinSolutions2019\Google\Google 20191102.png
44838,2019-11-02,Google,Google 20191102.png,C:\Users\peter\OneDrive\Admin\reports\GoodwinSolutions2019\Google\Google 20191102.png
44941,2019-11-20,Action,IMG_20191120_131613.jpg,C:\Users\peter\OneDrive\Admin\reports\GoodwinSolutions2019\Action\IMG_20191120_131613.jpg
44942,2019-11-20,Action,IMG_20191120_131613.jpg,C:\Users\peter\OneDrive\Admin\reports\GoodwinSolutions2019\Action\IMG_20191120_131613.jpg
45119,2019-12-18,Action,IMG_20191218_132405_1.jpg,C:\Users\peter\OneDrive\Admin\reports\GoodwinSolutions2019\Action\IMG_20191218_132405_1.jpg
45120,2019-12-18,Action,IMG_20191218_132405_1.jpg,C:\Users\peter\OneDrive\Admin\reports\GoodwinSolutions2019\Action\IMG_20191218_132405_1.jpg
45187,2019-12-28,Action,IMG_20191228_151035.jpg,C:\Users\peter\OneDrive\Admin\reports\GoodwinSolutions2019\Action\IMG_20191228_151035.jpg
45188,2019-12-28,Action,IMG_20191228_151035.jpg,C:\Users\peter\OneDrive\Admin\reports\GoodwinSolutions2019\Action\IMG_20191228_151035.jpg
45202,2019-12-31,Afvalheffing,IMG_20200102_113009.jpg,C:\Users\peter\OneDrive\Admin\reports\GoodwinSolutions2019\Afvalheffing\IMG_20200102_113009.jpg
46851,2020-02-28,Afvalheffing,IMG_20200102_113009.jpg,C:\Users\peter\OneDrive\Admin\reports\GoodwinSolutions2019\Afvalheffing\IMG_20200102_113009.jpg
45265,2020-01-07,MM Hoofddorp,IMG_20200107_163401.jpg,C:\Users\peter\OneDrive\Admin\reports\GoodwinSolutions2020\MM Hoofddorp\IMG_20200107_163401.jpg
45266,2020-01-07,MM Hoofddorp,IMG_20200107_163401.jpg,C:\Users\peter\OneDrive\Admin\reports\GoodwinSolutions2020\MM Hoofddorp\IMG_20200107_163401.jpg
45285,2020-02-03,FAIRPLAZA,FairPlaza_20200203_143132.jpg,C:\Users\peter\OneDrive\Admin\reports\GoodwinSolutions2020\Fairplaza\FairPlaza_20200203_143132.jpg
45286,2020-02-03,FAIRPLAZA,FairPlaza_20200203_143132.jpg,C:\Users\peter\OneDrive\Admin\reports\GoodwinSolutions2020\Fairplaza\FairPlaza_20200203_143132.jpg
45514,2020-02-09,Gamma,IMG_20200209_140848.jpg,C:\Users\peter\OneDrive\Admin\reports\GoodwinSolutions2020\Gamma\IMG_20200209_140848.jpg
45515,2020-02-09,Gamma,IMG_20200209_140848.jpg,C:\Users\peter\OneDrive\Admin\reports\GoodwinSolutions2020\Gamma\IMG_20200209_140848.jpg
45516,2020-02-05,Blokker,IMG_20200205_174101.jpg,C:\Users\peter\OneDrive\Admin\reports\GoodwinSolutions2020\Blokker\IMG_20200205_174101.jpg
45517,2020-02-05,Blokker,IMG_20200205_174101.jpg,C:\Users\peter\OneDrive\Admin\reports\GoodwinSolutions2020\Blokker\IMG_20200205_174101.jpg
45518,2020-02-05,MM Hoofddorp,IMG_20200205_174032.jpg,C:\Users\peter\OneDrive\Admin\reports\GoodwinSolutions2020\MM Hoofddorp\IMG_20200205_174032.jpg
45519,2020-02-05,MM Hoofddorp,IMG_20200205_174032.jpg,C:\Users\peter\OneDrive\Admin\reports\GoodwinSolutions2020\MM Hoofddorp\IMG_20200205_174032.jpg
45522,2020-02-15,Action,IMG_20200215_133259.jpg,C:\Users\peter\OneDrive\Admin\reports\GoodwinSolutions2020\Action\IMG_20200215_133259.jpg
45523,2020-02-15,Action,IMG_20200215_133259.jpg,C:\Users\peter\OneDrive\Admin\reports\GoodwinSolutions2020\Action\IMG_20200215_133259.jpg
45547,2020-02-18,Action,20200218_135305.jpg,C:\Users\peter\OneDrive\Admin\reports\GoodwinSolutions2020\Action\20200218_135305.jpg
45548,2020-02-18,Action,20200218_135305.jpg,C:\Users\peter\OneDrive\Admin\reports\GoodwinSolutions2020\Action\20200218_135305.jpg
45564,2020-02-25,Action,IMG_20200225_165540.jpg,C:\Users\peter\OneDrive\Admin\reports\GoodwinSolutions2020\Action\IMG_20200225_165540.jpg
45565,2020-02-25,Action,IMG_20200225_165540.jpg,C:\Users\peter\OneDrive\Admin\reports\GoodwinSolutions2020\Action\IMG_20200225_165540.jpg
45625,2020-02-28,Action,IMG_20200228_141725.jpg,C:\Users\peter\OneDrive\Admin\reports\GoodwinSolutions2020\Action\IMG_20200228_141725.jpg
45626,2020-02-28,Action,IMG_20200228_141725.jpg,C:\Users\peter\OneDrive\Admin\reports\GoodwinSolutions2020\Action\IMG_20200228_141725.jpg
45689,2020-03-11,Action,20200311_152730.jpg,C:\Users\peter\OneDrive\Admin\reports\GoodwinSolutions2020\Action\20200311_152730.jpg
45690,2020-03-11,Action,20200311_152730.jpg,C:\Users\peter\OneDrive\Admin\reports\GoodwinSolutions2020\Action\20200311_152730.jpg
45761,2020-03-18,Intratuin,20200318_152857.jpg,C:\Users\peter\OneDrive\Admin\reports\GoodwinSolutions2020\Intratuin\20200318_152857.jpg
45762,2020-03-18,Intratuin,20200318_152857.jpg,C:\Users\peter\OneDrive\Admin\reports\GoodwinSolutions2020\Intratuin\20200318_152857.jpg
45933,2020-04-21,Gamma,IMG_20200421_112105.jpg,C:\Users\peter\OneDrive\Admin\reports\GoodwinSolutions2020\Gamma\IMG_20200421_112105.jpg
45934,2020-04-21,Gamma,IMG_20200421_112105.jpg,C:\Users\peter\OneDrive\Admin\reports\GoodwinSolutions2020\Gamma\IMG_20200421_112105.jpg
45935,2020-04-22,Tahoua,Tahoua_20200424_183340.jpg,C:\Users\peter\OneDrive\Admin\reports\GoodwinSolutions2020\Tahoua\Tahoua_20200424_183340.jpg
45936,2020-04-22,Tahoua,Tahoua_20200424_183340.jpg,C:\Users\peter\OneDrive\Admin\reports\GoodwinSolutions2020\Tahoua\Tahoua_20200424_183340.jpg
45937,2020-04-23,Action,20200423_154436.jpg,C:\Users\peter\OneDrive\Admin\reports\GoodwinSolutions2020\Action\20200423_154436.jpg
45938,2020-04-23,Action,20200423_154436.jpg,C:\Users\peter\OneDrive\Admin\reports\GoodwinSolutions2020\Action\20200423_154436.jpg
45990,2020-03-20,Van den Heuvel Hoveniers,IMG_20200506_141931.jpg,C:\Users\peter\OneDrive\Admin\reports\GoodwinSolutions2020\Vandenheuvelhoveniers\IMG_20200506_141931.jpg
45991,2020-03-20,Van den Heuvel Hoveniers,IMG_20200506_141931.jpg,C:\Users\peter\OneDrive\Admin\reports\GoodwinSolutions2020\Vandenheuvelhoveniers\IMG_20200506_141931.jpg
46144,2020-05-27,Action,IMG_20200527_163720.jpg,C:\Users\peter\OneDrive\Admin\reports\GoodwinSolutions2020\Action\IMG_20200527_163720.jpg
46145,2020-05-27,Action,IMG_20200527_163720.jpg,C:\Users\peter\OneDrive\Admin\reports\GoodwinSolutions2020\Action\IMG_20200527_163720.jpg
46153,2020-06-12,Action,20200612_135938.jpg,C:\Users\peter\OneDrive\Admin\reports\GoodwinSolutions2020\Action\20200612_135938.jpg
46228,2020-06-12,Action,20200612_135938.jpg,C:\Users\peter\OneDrive\Admin\reports\GoodwinSolutions2020\Action\20200612_135938.jpg
46290,2020-06-26,Action,IMG_20200626_115528.jpg,C:\Users\peter\OneDrive\Admin\reports\GoodwinSolutions2020\Action\IMG_20200626_115528.jpg
46291,2020-06-26,Action,IMG_20200626_115528.jpg,C:\Users\peter\OneDrive\Admin\reports\GoodwinSolutions2020\Action\IMG_20200626_115528.jpg
46411,2020-07-14,Gamma,IMG_20200714_141635.jpg,C:\Users\peter\OneDrive\Admin\reports\GoodwinSolutions2020\Gamma\IMG_20200714_141635.jpg
46412,2020-07-14,Gamma,IMG_20200714_141635.jpg,C:\Users\peter\OneDrive\Admin\reports\GoodwinSolutions2020\Gamma\IMG_20200714_141635.jpg
46413,2020-07-15,MM Hoofddorp,IMG_20200715_112516.jpg,C:\Users\peter\OneDrive\Admin\reports\GoodwinSolutions2020\MM Hoofddorp\IMG_20200715_112516.jpg
46414,2020-07-15,MM Hoofddorp,IMG_20200715_112516.jpg,C:\Users\peter\OneDrive\Admin\reports\GoodwinSolutions2020\MM Hoofddorp\IMG_20200715_112516.jpg
46415,2020-07-22,Action,20200722_164627.jpg,C:\Users\peter\OneDrive\Admin\reports\GoodwinSolutions2020\Action\20200722_164627.jpg
46416,2020-07-22,Action,20200722_164627.jpg,C:\Users\peter\OneDrive\Admin\reports\GoodwinSolutions2020\Action\20200722_164627.jpg
46515,2020-07-31,Action,IMG_20200731_154314.jpg,C:\Users\peter\OneDrive\Admin\reports\GoodwinSolutions2020\Action\IMG_20200731_154314.jpg
46516,2020-07-31,Action,IMG_20200731_154314.jpg,C:\Users\peter\OneDrive\Admin\reports\GoodwinSolutions2020\Action\IMG_20200731_154314.jpg
46519,2020-08-08,MM Hoofddorp,IMG_20200808_122917.jpg,C:\Users\peter\OneDrive\Admin\reports\GoodwinSolutions2020\MM Hoofddorp\IMG_20200808_122917.jpg
46520,2020-08-08,MM Hoofddorp,IMG_20200808_122917.jpg,C:\Users\peter\OneDrive\Admin\reports\GoodwinSolutions2020\MM Hoofddorp\IMG_20200808_122917.jpg
46565,2020-08-20,Action,IMG_20200820_105035.jpg,C:\Users\peter\OneDrive\Admin\reports\GoodwinSolutions2020\Action\IMG_20200820_105035.jpg
46566,2020-08-20,Action,IMG_20200820_105035.jpg,C:\Users\peter\OneDrive\Admin\reports\GoodwinSolutions2020\Action\IMG_20200820_105035.jpg
46567,2020-08-22,Action,IMG_20200822_164734.jpg,C:\Users\peter\OneDrive\Admin\reports\GoodwinSolutions2020\Action\IMG_20200822_164734.jpg
46568,2020-08-22,Action,IMG_20200822_164734.jpg,C:\Users\peter\OneDrive\Admin\reports\GoodwinSolutions2020\Action\IMG_20200822_164734.jpg
46618,2020-08-30,Action,IMG_20200830_134106.jpg,C:\Users\peter\OneDrive\Admin\reports\GoodwinSolutions2020\Action\IMG_20200830_134106.jpg
46619,2020-08-30,Action,IMG_20200830_134106.jpg,C:\Users\peter\OneDrive\Admin\reports\GoodwinSolutions2020\Action\IMG_20200830_134106.jpg
46680,2020-09-06,Action,IMG_20200906_132605.jpg,C:\Users\peter\OneDrive\Admin\reports\GoodwinSolutions2020\Action\IMG_20200906_132605.jpg
46681,2020-09-06,Action,IMG_20200906_132605.jpg,C:\Users\peter\OneDrive\Admin\reports\GoodwinSolutions2020\Action\IMG_20200906_132605.jpg
46682,2020-09-09,Barbosa do Brasil,Barbarosa 20200909_162015.jpg,C:\Users\peter\OneDrive\Admin\reports\GoodwinSolutions2020\Barbosa do Brasil\Barbarosa 20200909_162015.jpg
46683,2020-09-09,Barbosa do Brasil,Barbarosa 20200909_162015.jpg,C:\Users\peter\OneDrive\Admin\reports\GoodwinSolutions2020\Barbosa do Brasil\Barbarosa 20200909_162015.jpg
46684,2020-09-09,The Twinning Company,20200909_162047.jpg,C:\Users\peter\OneDrive\Admin\reports\GoodwinSolutions2020\The Twinning Company\20200909_162047.jpg
46685,2020-09-09,The Twinning Company,20200909_162047.jpg,C:\Users\peter\OneDrive\Admin\reports\GoodwinSolutions2020\The Twinning Company\20200909_162047.jpg
46688,2020-09-09,Gone Arty,Gone Arty 20200909_162057.jpg,C:\Users\peter\OneDrive\Admin\reports\GoodwinSolutions2020\Gone Arty\Gone Arty 20200909_162057.jpg
46689,2020-09-09,Gone Arty,Gone Arty 20200909_162057.jpg,C:\Users\peter\OneDrive\Admin\reports\GoodwinSolutions2020\Gone Arty\Gone Arty 20200909_162057.jpg
47058,2020-09-09,Gone Arty,Gone Arty 20200909_162057.jpg,C:\Users\peter\OneDrive\Admin\reports\GoodwinSolutions2020\Gone Arty\Gone Arty 20200909_162057.jpg
46690,2020-09-09,Fairplaza,FairPlaza_20200911_103557.jpg,C:\Users\peter\OneDrive\Admin\reports\GoodwinSolutions2020\Fairplaza\FairPlaza_20200911_103557.jpg
46691,2020-09-09,Fairplaza,FairPlaza_20200911_103557.jpg,C:\Users\peter\OneDrive\Admin\reports\GoodwinSolutions2020\Fairplaza\FairPlaza_20200911_103557.jpg
46748,2020-09-25,MM Hoofddorp,IMG_20200925_144807.jpg,C:\Users\peter\OneDrive\Admin\reports\GoodwinSolutions2020\MM Hoofddorp\IMG_20200925_144807.jpg
46749,2020-09-25,MM Hoofddorp,IMG_20200925_144807.jpg,C:\Users\peter\OneDrive\Admin\reports\GoodwinSolutions2020\MM Hoofddorp\IMG_20200925_144807.jpg
46750,2020-09-29,Action,IMG_20200929_103448.jpg,C:\Users\peter\OneDrive\Admin\reports\GoodwinSolutions2020\Action\IMG_20200929_103448.jpg
46751,2020-09-29,Action,IMG_20200929_103448.jpg,C:\Users\peter\OneDrive\Admin\reports\GoodwinSolutions2020\Action\IMG_20200929_103448.jpg
46884,2020-10-06,Action,IMG_20201006_154700.jpg,C:\Users\peter\OneDrive\Admin\reports\GoodwinSolutions2020\Action\IMG_20201006_154700.jpg
46885,2020-10-06,Action,IMG_20201006_154700.jpg,C:\Users\peter\OneDrive\Admin\reports\GoodwinSolutions2020\Action\IMG_20201006_154700.jpg
46958,2020-10-12,Budget Sanitair,Budget Sanitair 220201012.png,C:\Users\peter\OneDrive\Admin\reports\GoodwinSolutions2020\Budget Sanitair\Budget Sanitair 220201012.png
46959,2020-10-12,Budget Sanitair,Budget Sanitair 220201012.png,C:\Users\peter\OneDrive\Admin\reports\GoodwinSolutions2020\Budget Sanitair\Budget Sanitair 220201012.png
47031,2020-10-24,Action,IMG_20201024_143132.jpg,C:\Users\peter\OneDrive\Admin\reports\GoodwinSolutions2020\Action\IMG_20201024_143132.jpg
47032,2020-10-24,Action,IMG_20201024_143132.jpg,C:\Users\peter\OneDrive\Admin\reports\GoodwinSolutions2020\Action\IMG_20201024_143132.jpg
47113,2020-11-13,Action,IMG_20201113_142328.jpg,C:\Users\peter\OneDrive\Admin\reports\GoodwinSolutions2020\Action\IMG_20201113_142328.jpg
47114,2020-11-13,Action,IMG_20201113_142328.jpg,C:\Users\peter\OneDrive\Admin\reports\GoodwinSolutions2020\Action\IMG_20201113_142328.jpg
47270,2020-12-10,Action,IMG_20201210_162452.jpg,C:\Users\peter\OneDrive\Admin\reports\GoodwinSolutions2020\Action\IMG_20201210_162452.jpg
47271,2020-12-10,Action,IMG_20201210_162452.jpg,C:\Users\peter\OneDrive\Admin\reports\GoodwinSolutions2020\Action\IMG_20201210_162452.jpg
48557,2021-06-08,Afstandsbediening,Afstandsbediening 2024-07-22 234358.png,C:\Users\peter\OneDrive\Admin\reports\GoodwinSolutions2021\Afstandsbediening\Afstandsbediening 2024-07-22 234358.png
48558,2021-06-08,Afstandsbediening,Afstandsbediening 2024-07-22 234358.png,C:\Users\peter\OneDrive\Admin\reports\GoodwinSolutions2021\Afstandsbediening\Afstandsbediening 2024-07-22 234358.png
48621,2021-07-15,Action,IMG_20210715_130724.jpg,C:\Users\peter\OneDrive\Admin\reports\GoodwinSolutions2021\Action\IMG_20210715_130724.jpg
48622,2021-07-15,Action,IMG_20210715_130724.jpg,C:\Users\peter\OneDrive\Admin\reports\GoodwinSolutions2021\Action\IMG_20210715_130724.jpg
48623,2021-07-21,Action,IMG_20210721_153035.jpg,C:\Users\peter\OneDrive\Admin\reports\GoodwinSolutions2021\Action\IMG_20210721_153035.jpg
48624,2021-07-21,Action,IMG_20210721_153035.jpg,C:\Users\peter\OneDrive\Admin\reports\GoodwinSolutions2021\Action\IMG_20210721_153035.jpg
48717,2021-07-31,Leen installatiebedrijf,IMG_20210731_121225.jpg,C:\Users\peter\OneDrive\Admin\reports\GoodwinSolutions2021\Leen installatiebedrijf\IMG_20210731_121225.jpg
48718,2021-07-31,Leen installatiebedrijf,IMG_20210731_121225.jpg,C:\Users\peter\OneDrive\Admin\reports\GoodwinSolutions2021\Leen installatiebedrijf\IMG_20210731_121225.jpg
48828,2021-08-09,bol.com,SignProducts20210809.JPG,C:\Users\peter\OneDrive\Admin\reports\GoodwinSolutions2021\bol.com\SignProducts20210809.JPG
48829,2021-08-09,bol.com,SignProducts20210809.JPG,C:\Users\peter\OneDrive\Admin\reports\GoodwinSolutions2021\bol.com\SignProducts20210809.JPG
48836,2021-09-01,Albert Heijn,20210901_154358.jpg,C:\Users\peter\OneDrive\Admin\reports\GoodwinSolutions2021\Albert Heijn\20210901_154358.jpg
48837,2021-09-01,Albert Heijn,20210901_154358.jpg,C:\Users\peter\OneDrive\Admin\reports\GoodwinSolutions2021\Albert Heijn\20210901_154358.jpg
48838,2021-09-01,Action,20210901_152232.jpg,C:\Users\peter\OneDrive\Admin\reports\GoodwinSolutions2021\Action\20210901_152232.jpg
48839,2021-09-01,Action,20210901_152232.jpg,C:\Users\peter\OneDrive\Admin\reports\GoodwinSolutions2021\Action\20210901_152232.jpg
49128,2021-09-05,Mundomi,Mundomi_20211012_142756.jpg,C:\Users\peter\OneDrive\Admin\reports\GoodwinSolutions2021\Mundomi\Mundomi_20211012_142756.jpg
49129,2021-09-05,Mundomi,Mundomi_20211012_142756.jpg,C:\Users\peter\OneDrive\Admin\reports\GoodwinSolutions2021\Mundomi\Mundomi_20211012_142756.jpg
49464,2021-12-04,SchoenService,1638636091622.jpg,C:\Users\peter\OneDrive\Admin\reports\GoodwinSolutions2021\SchoenService\1638636091622.jpg
49465,2021-12-04,SchoenService,1638636091622.jpg,C:\Users\peter\OneDrive\Admin\reports\GoodwinSolutions2021\SchoenService\1638636091622.jpg
49483,2021-12-02,Action,1638445002498.jpg,C:\Users\peter\OneDrive\Admin\reports\GoodwinSolutions2021\Action\1638445002498.jpg
49484,2021-12-02,Action,1638445002498.jpg,C:\Users\peter\OneDrive\Admin\reports\GoodwinSolutions2021\Action\1638445002498.jpg
49503,2021-12-11,De Zeeuw,55-MG-HN-2021.jpg,C:\Users\peter\OneDrive\Admin\reports\GoodwinSolutions2021\De Zeeuw\55-MG-HN-2021.jpg
49512,2021-12-09,Global Garden,Global Garden 20211209_125517.jpg,C:\Users\peter\OneDrive\Admin\reports\GoodwinSolutions2021\Global Garden\Global Garden 20211209_125517.jpg
49513,2021-12-09,Global Garden,Global Garden 20211209_125517.jpg,C:\Users\peter\OneDrive\Admin\reports\GoodwinSolutions2021\Global Garden\Global Garden 20211209_125517.jpg
50120,2022-02-25,Action,Action 2022-02-05.jpg,C:\Users\peter\OneDrive\Admin\reports\GoodwinSolutions2022\Action\Action 2022-02-05.jpg
50121,2022-02-25,Action,Action 2022-02-05.jpg,C:\Users\peter\OneDrive\Admin\reports\GoodwinSolutions2022\Action\Action 2022-02-05.jpg
50585,2022-05-10,Action,20220510_103830.jpg,C:\Users\peter\OneDrive\Admin\reports\GoodwinSolutions2022\Action\20220510_103830.jpg
50586,2022-05-10,Action,20220510_103830.jpg,C:\Users\peter\OneDrive\Admin\reports\GoodwinSolutions2022\Action\20220510_103830.jpg
51124,2022-07-01,Action,IMG_20220701_174537.jpg,C:\Users\peter\OneDrive\Admin\reports\GoodwinSolutions2022\Action\IMG_20220701_174537.jpg
51125,2022-07-01,Action,IMG_20220701_174537.jpg,C:\Users\peter\OneDrive\Admin\reports\GoodwinSolutions2022\Action\IMG_20220701_174537.jpg
51143,2022-07-12,Action,1657623869869.jpg,C:\Users\peter\OneDrive\Admin\reports\GoodwinSolutions2022\Action\1657623869869.jpg
51144,2022-07-12,Action,1657623869869.jpg,C:\Users\peter\OneDrive\Admin\reports\GoodwinSolutions2022\Action\1657623869869.jpg
51249,2022-08-02,WestCoast Motors,1659457105143.jpg,C:\Users\peter\OneDrive\Admin\reports\GoodwinSolutions2022\WestCoast Motors\1659457105143.jpg
51250,2022-08-02,WestCoast Motors,1659457105143.jpg,C:\Users\peter\OneDrive\Admin\reports\GoodwinSolutions2022\WestCoast Motors\1659457105143.jpg
51263,2022-07-29,vdValk,vdValk 1659088495672.jpg,C:\Users\peter\OneDrive\Admin\reports\GoodwinSolutions2022\vdValk\vdValk 1659088495672.jpg
51264,2022-07-29,vdValk,vdValk 1659088495672.jpg,C:\Users\peter\OneDrive\Admin\reports\GoodwinSolutions2022\vdValk\vdValk 1659088495672.jpg
51505,2022-08-18,Blokker,20220818_191100.jpg,C:\Users\peter\OneDrive\Admin\reports\GoodwinSolutions2022\Blokker\20220818_191100.jpg
51506,2022-08-18,Blokker,20220818_191100.jpg,C:\Users\peter\OneDrive\Admin\reports\GoodwinSolutions2022\Blokker\20220818_191100.jpg
51783,2022-09-23,Action,1663934662123.jpg,C:\Users\peter\OneDrive\Admin\reports\GoodwinSolutions2022\Action\1663934662123.jpg
51784,2022-09-23,Action,1663934662123.jpg,C:\Users\peter\OneDrive\Admin\reports\GoodwinSolutions2022\Action\1663934662123.jpg
51991,2022-10-26,Action,20221026_163221.jpg,C:\Users\peter\OneDrive\Admin\reports\GoodwinSolutions2022\Action\20221026_163221.jpg
51992,2022-10-26,Action,20221026_163221.jpg,C:\Users\peter\OneDrive\Admin\reports\GoodwinSolutions2022\Action\20221026_163221.jpg
52813,2023-02-23,Action,20230223_111741.jpg,C:\Users\peter\OneDrive\Admin\reports\GoodwinSolutions2023\Action\20230223_111741.jpg
52814,2023-02-23,Action,20230223_111741.jpg,C:\Users\peter\OneDrive\Admin\reports\GoodwinSolutions2023\Action\20230223_111741.jpg
53601,2023-05-23,Action,20230523_152344.jpg,C:\Users\peter\OneDrive\Admin\reports\GoodwinSolutions2023\Action\20230523_152344.jpg
53602,2023-05-23,Action,20230523_152344.jpg,C:\Users\peter\OneDrive\Admin\reports\GoodwinSolutions2023\Action\20230523_152344.jpg
53752,2023-05-30,bol.com,20230601_143728.jpg,C:\Users\peter\OneDrive\Admin\reports\GoodwinSolutions2023\bol.com\20230601_143728.jpg
53753,2023-05-30,bol.com,20230601_143728.jpg,C:\Users\peter\OneDrive\Admin\reports\GoodwinSolutions2023\bol.com\20230601_143728.jpg
54083,2023-06-01,Sikkens,20230601_143728.jpg,C:\Users\peter\OneDrive\Admin\reports\GoodwinSolutions2023\bol.com\20230601_143728.jpg
54084,2023-06-01,Sikkens,20230601_143728.jpg,C:\Users\peter\OneDrive\Admin\reports\GoodwinSolutions2023\bol.com\20230601_143728.jpg
54540,2023-09-05,Action,20230905_113531.jpg,C:\Users\peter\OneDrive\Admin\reports\GoodwinSolutions2023\Action\20230905_113531.jpg
54541,2023-09-05,Action,20230905_113531.jpg,C:\Users\peter\OneDrive\Admin\reports\GoodwinSolutions2023\Action\20230905_113531.jpg
55232,2023-12-06,Action,20231206_161013.jpg,C:\Users\peter\OneDrive\Admin\reports\GoodwinSolutions2023\Action\20231206_161013.jpg
55233,2023-12-06,Action,20231206_161013.jpg,C:\Users\peter\OneDrive\Admin\reports\GoodwinSolutions2023\Action\20231206_161013.jpg
55245,2023-11-22,Briters,Briters 20231122.png,C:\Users\peter\OneDrive\Admin\reports\GoodwinSolutions2023\Briters\Briters 20231122.png
55246,2023-11-22,Briters,Briters 20231122.png,C:\Users\peter\OneDrive\Admin\reports\GoodwinSolutions2023\Briters\Briters 20231122.png
55253,2023-12-27,Jaarbeurs,Jaarbeurs 20231227.png,C:\Users\peter\OneDrive\Admin\reports\GoodwinSolutions2023\Jaarbeurs\Jaarbeurs 20231227.png
55254,2023-12-27,Jaarbeurs,Jaarbeurs 20231227.png,C:\Users\peter\OneDrive\Admin\reports\GoodwinSolutions2023\Jaarbeurs\Jaarbeurs 20231227.png
