ID,Date,ReferenceNumber,Ref3,Ref4
33747,2015-07-19,Gamma,https://drive.google.com/file/d/1qTJO27KzDjSfIZ5sT-sjZ3lu49RNcjw9/view?usp=drivesdk,Gamma 20150709.jpg
33748,2015-07-19,Gamma,https://drive.google.com/file/d/1qTJO27KzDjSfIZ5sT-sjZ3lu49RNcjw9/view?usp=drivesdk,Gamma 20150709.jpg
33749,2015-07-18,Formido,https://drive.google.com/file/d/1qQMLdi3doL24FITYpq7VUc2u2DE8-WVT/view?usp=drivesdk,Formido 20150718.jpg
33750,2015-07-18,Formido,https://drive.google.com/file/d/1qQMLdi3doL24FITYpq7VUc2u2DE8-WVT/view?usp=drivesdk,Formido 20150718.jpg
33751,2015-07-18,Karwei,https://drive.google.com/file/d/1sErNuHcz50ed5JLdrGbfwCXBNrmrcYky/view?usp=drivesdk,Karwei 20150718.jpg
33752,2015-07-18,Karwei,https://drive.google.com/file/d/1sErNuHcz50ed5JLdrGbfwCXBNrmrcYky/view?usp=drivesdk,Karwei 20150718.jpg
33753,2015-07-14,Centr. Justitieel Incasso bureau,https://drive.google.com/file/d/0B9OBNkcEDqv1bjhYNldEVmxIb00/view?usp=drivesdk&resourcekey=0-K8vxNAdr_kQ319R305N-8g,CJIBbmw20170628.jpg
33757,2015-06-17,UPS,https://drive.google.com/file/d/1syfMewRpx-TX9js2VG3DrsRD-9Bc-Mr8/view?usp=drivesdk,UPS 20150617.jpg
33758,2015-06-17,UPS,https://drive.google.com/file/d/1syfMewRpx-TX9js2VG3DrsRD-9Bc-Mr8/view?usp=drivesdk,UPS 20150617.jpg
33759,2015-06-17,UPS,https://drive.google.com/file/d/1syfMewRpx-TX9js2VG3DrsRD-9Bc-Mr8/view?usp=drivesdk,UPS 20150617.jpg
33844,2015-07-18,Winparts,https://drive.google.com/file/d/1sH1Jj3QlkgOjIz6M9l-jOvZV4RsW8RvE/view?usp=drivesdk,Winparts 20150718.png
33936,2015-07-18,Winparts,https://drive.google.com/file/d/1sH1Jj3QlkgOjIz6M9l-jOvZV4RsW8RvE/view?usp=drivesdk,Winparts 20150718.png
34199,2015-09-24,Shabu,https://drive.google.com/file/d/0B9OBNkcEDqv1WmNkOGZQNVh0a1k/view?usp=drivesdk&resourcekey=0-ySQgRy_nV4gqZ4-TEuVzxQ,Zakenlunch METRI 001.jpg
34200,2015-09-24,Shabu,https://drive.google.com/file/d/0B9OBNkcEDqv1WmNkOGZQNVh0a1k/view?usp=drivesdk&resourcekey=0-ySQgRy_nV4gqZ4-TEuVzxQ,Zakenlunch METRI 001.jpg
34201,2015-09-25,USG,https://drive.google.com/file/d/0B9OBNkcEDqv1TkRuOXVWeGRXN28/view?usp=drivesdk&resourcekey=0-DavJaRmlYhczMk3JoCocJw,Zakenlunch USG 001.jpg
34202,2015-09-25,USG,https://drive.google.com/file/d/0B9OBNkcEDqv1TkRuOXVWeGRXN28/view?usp=drivesdk&resourcekey=0-DavJaRmlYhczMk3JoCocJw,Zakenlunch USG 001.jpg
34354,2015-10-01,Incoming Invoices,https://drive.google.com/file/d/0B9OBNkcEDqv1WkJWdkRUbmlnRk0/view?usp=drivesdk&resourcekey=0-wQGGcenfwdvVtwwgsWNCXg,Zakenlunch Portbase.jpg
34355,2015-10-01,Incoming Invoices,https://drive.google.com/file/d/0B9OBNkcEDqv1WkJWdkRUbmlnRk0/view?usp=drivesdk&resourcekey=0-wQGGcenfwdvVtwwgsWNCXg,Zakenlunch Portbase.jpg
34486,2015-10-31,MABI,https://drive.google.com/file/d/0B9OBNkcEDqv1bm5oOW5UVUhnNW8/view?usp=drivesdk&resourcekey=0-WVhFwVW8cCcVumI-a-HiqA,MABI 001.jpg
34487,2015-10-31,MABI,https://drive.google.com/file/d/0B9OBNkcEDqv1bm5oOW5UVUhnNW8/view?usp=drivesdk&resourcekey=0-WVhFwVW8cCcVumI-a-HiqA,MABI 001.jpg
34488,2015-05-21,Super Rally,https://drive.google.com/file/d/0B9OBNkcEDqv1WHNYQWVBTnFGTkE/view?usp=drivesdk&resourcekey=0-I0LY4TZnGceaKN8CPjNg3w,Nw belt SR 2015 002.jpg
34489,2015-05-21,Super Rally,https://drive.google.com/file/d/0B9OBNkcEDqv1WHNYQWVBTnFGTkE/view?usp=drivesdk&resourcekey=0-I0LY4TZnGceaKN8CPjNg3w,Nw belt SR 2015 002.jpg
34693,2015-12-05,WestCoast Motors,https://drive.google.com/file/d/0B9OBNkcEDqv1dl9HTm1ZQ3pUQTg/view?usp=drivesdk&resourcekey=0-eKnGWRPj23dOI4PCLVNrkg,FLHR Westcoast 2016.jpg
34694,2015-12-05,WestCoast Motors,https://drive.google.com/file/d/0B9OBNkcEDqv1dl9HTm1ZQ3pUQTg/view?usp=drivesdk&resourcekey=0-eKnGWRPj23dOI4PCLVNrkg,FLHR Westcoast 2016.jpg
34695,2015-12-05,WestCoast Motors,https://drive.google.com/file/d/0B9OBNkcEDqv1dl9HTm1ZQ3pUQTg/view?usp=drivesdk&resourcekey=0-eKnGWRPj23dOI4PCLVNrkg,FLHR Westcoast 2016.jpg
34696,2016-12-05,WestCoast Motors,https://drive.google.com/file/d/0B9OBNkcEDqv1dl9HTm1ZQ3pUQTg/view?usp=drivesdk&resourcekey=0-eKnGWRPj23dOI4PCLVNrkg,FLHR Westcoast 2016.jpg
34697,2015-09-15,MM Hoofddorp,https://drive.google.com/file/d/0B9OBNkcEDqv1Mmc1QTlKZk5rVXc/view?usp=drivesdk&resourcekey=0-XyO7zKwp9OE920FX82taPQ,HP printer 2015.jpg
34698,2015-09-15,MM Hoofddorp,https://drive.google.com/file/d/0B9OBNkcEDqv1Mmc1QTlKZk5rVXc/view?usp=drivesdk&resourcekey=0-XyO7zKwp9OE920FX82taPQ,HP printer 2015.jpg
34699,2015-10-30,Mes Amis,https://drive.google.com/file/d/0B9OBNkcEDqv1WXU2bW5FMlA4UFk/view?usp=drivesdk&resourcekey=0-XZak9b79egkdU2Pf9zdRhg,MesAmis ZakenLunch 2015010.jpg
34700,2015-10-30,Mes Amis,https://drive.google.com/file/d/0B9OBNkcEDqv1WXU2bW5FMlA4UFk/view?usp=drivesdk&resourcekey=0-XZak9b79egkdU2Pf9zdRhg,MesAmis ZakenLunch 2015010.jpg
34701,2015-11-09,Ringfoto,https://drive.google.com/file/d/0B9OBNkcEDqv1SlV0YnR2U3pHVlU/view?usp=drivesdk&resourcekey=0-EoCCImUN3o56f7BWpP_5hg,"Bock, Ringfoto, Olympus 20151209.jpg"
34702,2015-11-09,Ringfoto,https://drive.google.com/file/d/0B9OBNkcEDqv1SlV0YnR2U3pHVlU/view?usp=drivesdk&resourcekey=0-EoCCImUN3o56f7BWpP_5hg,"Bock, Ringfoto, Olympus 20151209.jpg"
34816,2016-01-10,Conrad,https://drive.google.com/file/d/1q86kgqZ9ATh11-dz-MYhtGxyNi6SUc3x/view?usp=drivesdk,conrad 20160110a.png
34817,2016-01-10,Conrad,https://drive.google.com/file/d/1q86kgqZ9ATh11-dz-MYhtGxyNi6SUc3x/view?usp=drivesdk,conrad 20160110a.png
34941,2016-01-10,Conrad,https://drive.google.com/file/d/1qFGC7KZBYj4c_-Ja1vDkuEreROZCvujF/view?usp=drivesdk,conrad 20160110b.png
34942,2016-01-10,Conrad,https://drive.google.com/file/d/1qFGC7KZBYj4c_-Ja1vDkuEreROZCvujF/view?usp=drivesdk,conrad 20160110b.png
35067,2016-01-10,Conrad,https://drive.google.com/file/d/1qFGC7KZBYj4c_-Ja1vDkuEreROZCvujF/view?usp=drivesdk,conrad 20160110b.png
35071,2016-01-26,55-MG-HN,https://drive.google.com/file/d/0B9OBNkcEDqv1Tk9BQzlYc01DdjQ/view?usp=drivesdk&resourcekey=0-rTVZ2ou43ciOjKYEA1F45Q,FLHR 2016 Wegenbelasting.jpg
35218,2016-03-07,MM Hoofddorp,https://drive.google.com/file/d/0B9OBNkcEDqv1ckFESnFxeUptc28/view?usp=drivesdk&resourcekey=0-kCJiD-bELg1chqgM9q4tGw,Mediamarkt 20160307.jpg
35219,2016-03-07,MM Hoofddorp,https://drive.google.com/file/d/0B9OBNkcEDqv1ckFESnFxeUptc28/view?usp=drivesdk&resourcekey=0-kCJiD-bELg1chqgM9q4tGw,Mediamarkt 20160307.jpg
35226,2016-03-15,De Zeeuw,https://drive.google.com/file/d/0B9OBNkcEDqv1LWNZbDV3bThrZGM/view?usp=drivesdk&resourcekey=0-Ki_mOuhBRbBJGxCBXIjazw,zeeuw rechtsbijstand 2016.jpg
35457,2016-04-16,Hobbygigant.nl,https://drive.google.com/file/d/1rt2E22JtfWoZKCbsoPbhKuML5Kh6veEH/view?usp=drivesdk,Hobbygigant  20160416.png
35458,2016-04-16,Hobbygigant.nl,https://drive.google.com/file/d/1rt2E22JtfWoZKCbsoPbhKuML5Kh6veEH/view?usp=drivesdk,Hobbygigant  20160416.png
35468,2016-04-19,WestCoast Motors,https://drive.google.com/file/d/0B9OBNkcEDqv1bDdGb0hpSjlKODA/view?usp=drivesdk&resourcekey=0-XXByZFcxtuT0qJv-1tCO-w,WestCoast 20160419.jpg
35471,2016-04-19,WestCoast Motors,https://drive.google.com/file/d/0B9OBNkcEDqv1bDdGb0hpSjlKODA/view?usp=drivesdk&resourcekey=0-XXByZFcxtuT0qJv-1tCO-w,WestCoast 20160419.jpg
35551,2016-04-17,OFM,https://drive.google.com/file/d/1sLWVOGnimK7tWEVBsPqAMZTQmKkjbcz4/view?usp=drivesdk,OFM  20160417.png
35555,2016-04-25,De Zeeuw,https://drive.google.com/file/d/0B9OBNkcEDqv1LWNZbDV3bThrZGM/view?usp=drivesdk&resourcekey=0-Ki_mOuhBRbBJGxCBXIjazw,zeeuw rechtsbijstand 2016.jpg
35587,2016-04-17,OFM,https://drive.google.com/file/d/1sLWVOGnimK7tWEVBsPqAMZTQmKkjbcz4/view?usp=drivesdk,OFM  20160417.png
35588,2016-04-07,OFM,https://drive.google.com/file/d/1sLWVOGnimK7tWEVBsPqAMZTQmKkjbcz4/view?usp=drivesdk,OFM  20160417.png
35803,2016-06-17,WestCoast Motors,https://drive.google.com/file/d/0B9OBNkcEDqv1MERhVThtbHNOUVU/view?usp=drivesdk&resourcekey=0-yDH9tMwPfk3IhQ0K1rLrRA,WestCoast 20160617.jpg
35804,2016-06-17,WestCoast Motors,https://drive.google.com/file/d/0B9OBNkcEDqv1MERhVThtbHNOUVU/view?usp=drivesdk&resourcekey=0-yDH9tMwPfk3IhQ0K1rLrRA,WestCoast 20160617.jpg
36770,2016-10-07,Sanoma,https://drive.google.com/file/d/1shXWxx3fWNqcn2QYniUotkZpIYvac5b7/view?usp=drivesdk,Sanoma 20171230.png
36952,2016-11-11,MM Hoofddorp,https://drive.google.com/file/d/1l4XYKZa_3aXHOkQwsCVT4hiB-73PmMzigA/view?usp=drivesdk,Mediamarkt.jpg
36953,2016-11-11,MM Hoofddorp,https://drive.google.com/file/d/1l4XYKZa_3aXHOkQwsCVT4hiB-73PmMzigA/view?usp=drivesdk,Mediamarkt.jpg
36954,2016-10-31,MM Hoofddorp,https://drive.google.com/file/d/1e3E_QZla6NBAEB3tY_nb2uqWRv1aB8FwaQ/view?usp=drivesdk,Mediamarkt2.jpg
36955,2016-10-31,MM Hoofddorp,https://drive.google.com/file/d/1e3E_QZla6NBAEB3tY_nb2uqWRv1aB8FwaQ/view?usp=drivesdk,Mediamarkt2.jpg
36979,2016-12-01,De Zeeuw,https://drive.google.com/file/d/0B9OBNkcEDqv1YTJkbWFXS3BYRGVQbm42SFpNdTY0YXBGRE9J/view?usp=drivesdk&resourcekey=0-aZQWAhWmEW95nJf-cy6Xtw,55-MG-HN 2016.jpg
37080,2016-12-10,WestCoast Motors,https://drive.google.com/file/d/1W2m5sGVSQtSr-gxIoqgIYQnNNfRwb9f4LQ/view?usp=drivesdk,Westcoast 20161210.jpg
37081,2016-12-10,WestCoast Motors,https://drive.google.com/file/d/1W2m5sGVSQtSr-gxIoqgIYQnNNfRwb9f4LQ/view?usp=drivesdk,Westcoast 20161210.jpg
37194,2016-12-12,WestCoast Motors,https://drive.google.com/file/d/1W2m5sGVSQtSr-gxIoqgIYQnNNfRwb9f4LQ/view?usp=drivesdk,Westcoast 20161210.jpg
37291,2016-12-12,WestCoast Motors,https://drive.google.com/file/d/1W2m5sGVSQtSr-gxIoqgIYQnNNfRwb9f4LQ/view?usp=drivesdk,Westcoast 20161210.jpg
37292,2016-12-12,WestCoast Motors,https://drive.google.com/file/d/1W2m5sGVSQtSr-gxIoqgIYQnNNfRwb9f4LQ/view?usp=drivesdk,Westcoast 20161210.jpg
37335,2016-12-30,Centr. Justitieel Incasso bureau,https://drive.google.com/file/d/1cTvuROk69-1u6-6s-_LtTUejd4UdSrHYCQ/view?usp=drivesdk,Office Lens 20161229-161059.jpg
37562,2017-02-28,Google,https://drive.google.com/file/d/1qU60HfFazfbGeFXQlHJUYizzJlGcoH9-/view?usp=drivesdk,Google 20170228.png
37563,2017-02-28,Google,https://drive.google.com/file/d/1qU60HfFazfbGeFXQlHJUYizzJlGcoH9-/view?usp=drivesdk,Google 20170228.png
37820,2017-03-31,Google,https://drive.google.com/file/d/1qY4OhAKjPdaxh5UlzN000gFdQCQmVmeD/view?usp=drivesdk,Google 20170331.png
37821,2017-03-31,Google,https://drive.google.com/file/d/1qY4OhAKjPdaxh5UlzN000gFdQCQmVmeD/view?usp=drivesdk,Google 20170331.png
38005,2017-04-28,Google,https://drive.google.com/file/d/1qaxb4iGEUi75ajaT2Y2AobzS9hsOZext/view?usp=drivesdk,Google 20170428.png
38006,2017-04-28,Google,https://drive.google.com/file/d/1qaxb4iGEUi75ajaT2Y2AobzS9hsOZext/view?usp=drivesdk,Google 20170428.png
38117,2017-06-10,Brezan,https://drive.google.com/file/d/0B9OBNkcEDqv1elBoRXg4Tms0c2xtSkhIRkUzRklmMzc2amZR/view?usp=drivesdk&resourcekey=0-ckqYhMmPwQS2Fpzd6JcHGg,Brezan kenttekenplaat 20170610.jpg
38118,2017-06-10,Brezan,https://drive.google.com/file/d/0B9OBNkcEDqv1elBoRXg4Tms0c2xtSkhIRkUzRklmMzc2amZR/view?usp=drivesdk&resourcekey=0-ckqYhMmPwQS2Fpzd6JcHGg,Brezan kenttekenplaat 20170610.jpg
38364,2017-05-17,Centr. Justitieel Incasso bureau,https://drive.google.com/file/d/0B9OBNkcEDqv1WEVnVHV3ZkptUHc/view?usp=drivesdk&resourcekey=0-sORPGji7uEBByAlFySHtRQ,CJIBbmw20170517.jpg
38394,2017-06-29,Google,https://drive.google.com/file/d/1qgQohJ8XgjIFQe5yduACVKdGgWgnZblm/view?usp=drivesdk,Google 20170629.png
38395,2017-06-29,Google,https://drive.google.com/file/d/1qgQohJ8XgjIFQe5yduACVKdGgWgnZblm/view?usp=drivesdk,Google 20170629.png
38396,2017-05-29,Google,https://drive.google.com/file/d/1qcMneJub9uihUimS-QjYobfoy_OsQRrY/view?usp=drivesdk,Google 20170529.png
38397,2017-05-29,Google,https://drive.google.com/file/d/1qcMneJub9uihUimS-QjYobfoy_OsQRrY/view?usp=drivesdk,Google 20170529.png
38442,2017-06-22,Lidl,https://drive.google.com/file/d/0B9OBNkcEDqv1bUtpVEV3ZHJwYWc/view?usp=drivesdk&resourcekey=0-sDAgZOoHLNkdmErwhPzivQ,Lidl invalzaag.jpg
38646,2017-07-29,Google,https://drive.google.com/file/d/1qhV7VYNcH1bExu_K1eaF1j4JsfkhTRpI/view?usp=drivesdk,Google 20170729.png
38647,2017-07-29,Google,https://drive.google.com/file/d/1qhV7VYNcH1bExu_K1eaF1j4JsfkhTRpI/view?usp=drivesdk,Google 20170729.png
38854,2017-08-29,Google,https://drive.google.com/file/d/1qunyNDDVQh3Zqwsnjx3qtXd6Sv3XSfO4/view?usp=drivesdk,Google 20170829.png
38855,2017-08-29,Google,https://drive.google.com/file/d/1qunyNDDVQh3Zqwsnjx3qtXd6Sv3XSfO4/view?usp=drivesdk,Google 20170829.png
38871,2017-09-10,SWOOP,https://drive.google.com/file/d/1sW4wT9DKAadQnTPcyxCK6DmUKd8wx2Kg/view?usp=drivesdk,Swoop 20170910.png
38872,2017-09-10,SWOOP,https://drive.google.com/file/d/1sW4wT9DKAadQnTPcyxCK6DmUKd8wx2Kg/view?usp=drivesdk,Swoop 20170910.png
39019,2017-09-29,Google,https://drive.google.com/file/d/1qxdnmpQwFRWaBIWD0evMf-P45RCNsEyZ/view?usp=drivesdk,Google 20170929.png
39020,2017-09-29,Google,https://drive.google.com/file/d/1qxdnmpQwFRWaBIWD0evMf-P45RCNsEyZ/view?usp=drivesdk,Google 20170929.png
39331,2017-10-29,Google,https://drive.google.com/file/d/1r-9HHG49UQyU0Vo4Eiv7VETjoPCfW0BB/view?usp=drivesdk,Google 20171029.png
39332,2017-10-29,Google,https://drive.google.com/file/d/1r-9HHG49UQyU0Vo4Eiv7VETjoPCfW0BB/view?usp=drivesdk,Google 20171029.png
39348,2017-11-23,Probeslag,https://drive.google.com/file/d/1t6bDJEXxFzXq1wyosfxMb09tgjPJeF7G/view?usp=drivesdk,Probeslag 20171123.png
39350,2017-11-23,Probeslag,https://drive.google.com/file/d/1t6bDJEXxFzXq1wyosfxMb09tgjPJeF7G/view?usp=drivesdk,Probeslag 20171123.png
39412,2017-11-29,Google,https://drive.google.com/file/d/1r-BjmradUFa5jQ3M-CQ2nB68ur0e4YJA/view?usp=drivesdk,Google 20171129.png
39413,2017-11-29,Google,https://drive.google.com/file/d/1r-BjmradUFa5jQ3M-CQ2nB68ur0e4YJA/view?usp=drivesdk,Google 20171129.png
39862,2017-12-28,Google,https://drive.google.com/file/d/1r2kAkXevv3oPnM-Q27IHJHKYtDMMAdaM/view?usp=drivesdk,Google 20171229.png
39863,2017-12-28,Google,https://drive.google.com/file/d/1r2kAkXevv3oPnM-Q27IHJHKYtDMMAdaM/view?usp=drivesdk,Google 20171229.png
39868,2018-01-02,Action,https://drive.google.com/file/d/1pgngObozdntdd_HM0UuOTThpLba1sB1b/view?usp=drivesdk,IMG_20180102_145822.jpg
39869,2018-01-02,Action,https://drive.google.com/file/d/1pgngObozdntdd_HM0UuOTThpLba1sB1b/view?usp=drivesdk,IMG_20180102_145822.jpg
39870,2018-01-02,ALBERT HEIJN,https://drive.google.com/file/d/1zSEzEQs3ovaMkx1vuaYiJzmkotIPVtDE/view?usp=drivesdk,IMG_20180102_151200.jpg
39871,2018-01-02,ALBERT HEIJN,https://drive.google.com/file/d/1zSEzEQs3ovaMkx1vuaYiJzmkotIPVtDE/view?usp=drivesdk,IMG_20180102_151200.jpg
39872,2017-12-29,Kruidvat,https://drive.google.com/file/d/1JA4rxHToJUeVhpy2lACAlXaa4rdMMl26/view?usp=drivesdk,kruidvat20171229.PNG
39873,2017-12-29,Kruidvat,https://drive.google.com/file/d/1JA4rxHToJUeVhpy2lACAlXaa4rdMMl26/view?usp=drivesdk,kruidvat20171229.PNG
39939,2018-01-02,Action,https://drive.google.com/file/d/1pgngObozdntdd_HM0UuOTThpLba1sB1b/view?usp=drivesdk,IMG_20180102_145822.jpg
39968,2017-12-30,WestCoast Motors,https://drive.google.com/file/d/1W2m5sGVSQtSr-gxIoqgIYQnNNfRwb9f4LQ/view?usp=drivesdk,Westcoast 20161210.jpg
39969,2017-12-30,WestCoast Motors,https://drive.google.com/file/d/1W2m5sGVSQtSr-gxIoqgIYQnNNfRwb9f4LQ/view?usp=drivesdk,Westcoast 20161210.jpg
39975,2017-12-30,conrad,https://drive.google.com/file/d/1qLNOkQ8c5mF2Ds8S1mlGItCaIDa_c_aq/view?usp=drivesdk,Conrad 20171230.png
39976,2017-12-30,conrad,https://drive.google.com/file/d/1qLNOkQ8c5mF2Ds8S1mlGItCaIDa_c_aq/view?usp=drivesdk,Conrad 20171230.png
39977,2017-12-30,Sanoma,https://drive.google.com/file/d/1shXWxx3fWNqcn2QYniUotkZpIYvac5b7/view?usp=drivesdk,Sanoma 20171230.png
39978,2017-12-30,Sanoma,https://drive.google.com/file/d/1shXWxx3fWNqcn2QYniUotkZpIYvac5b7/view?usp=drivesdk,Sanoma 20171230.png
39981,2018-04-25,Gamma,https://drive.google.com/file/d/1N_b71pDsZP-UfBK9o9O_vrE30Hde3YTF/view?usp=drivesdk,IMG_20180425_140645.jpg
39982,2018-04-25,Gamma,https://drive.google.com/file/d/1N_b71pDsZP-UfBK9o9O_vrE30Hde3YTF/view?usp=drivesdk,IMG_20180425_140645.jpg
40167,2018-01-28,Google,https://drive.google.com/file/d/1r2zsoS6fTvUxP62o9LxXUwuN4mcwNKUE/view?usp=drivesdk,Google 20180128.png
40168,2018-01-28,Google,https://drive.google.com/file/d/1r2zsoS6fTvUxP62o9LxXUwuN4mcwNKUE/view?usp=drivesdk,Google 20180128.png
40169,2018-01-30,Schoenservice,https://drive.google.com/file/d/14zCBiLgxHJMCPON8f843k6EI4nhO5pYS/view?usp=drivesdk,IMG_20180130_114925.jpg
40170,2018-01-30,Schoenservice,https://drive.google.com/file/d/14zCBiLgxHJMCPON8f843k6EI4nhO5pYS/view?usp=drivesdk,IMG_20180130_114925.jpg
40209,2018-02-03,Action,https://drive.google.com/file/d/1WNUc90wb7hbuyJERdDtw7yMmxx0RwN1P/view?usp=drivesdk,IMG_20180203_110433.jpg
40210,2018-02-03,Action,https://drive.google.com/file/d/1WNUc90wb7hbuyJERdDtw7yMmxx0RwN1P/view?usp=drivesdk,IMG_20180203_110433.jpg
40473,2018-03-10,Action,https://drive.google.com/file/d/1pAs5VOcVvu-MVF7tVXJ0bsHF7nnHyeaC/view?usp=drivesdk,IMG_20180310_103539.jpg
40474,2018-03-10,Action,https://drive.google.com/file/d/1pAs5VOcVvu-MVF7tVXJ0bsHF7nnHyeaC/view?usp=drivesdk,IMG_20180310_103539.jpg
40477,2018-03-18,Gamma,https://drive.google.com/file/d/1_OvulkaCTs-VFx87o36cvS0ZTjy4LTG0/view?usp=drivesdk,IMG_20180314_103840.jpg
40478,2018-03-18,Gamma,https://drive.google.com/file/d/1_OvulkaCTs-VFx87o36cvS0ZTjy4LTG0/view?usp=drivesdk,IMG_20180314_103840.jpg
40521,2018-03-16,Gamma,https://drive.google.com/file/d/1Nj3BqpPQZHTXSqsLTU3dJQ9X1MP9--3b/view?usp=drivesdk,IMG_20180316_171733.jpg
40522,2018-03-16,Gamma,https://drive.google.com/file/d/1Nj3BqpPQZHTXSqsLTU3dJQ9X1MP9--3b/view?usp=drivesdk,IMG_20180316_171733.jpg
40529,2018-03-14,Gamma,https://drive.google.com/file/d/1_OvulkaCTs-VFx87o36cvS0ZTjy4LTG0/view?usp=drivesdk,IMG_20180314_103840.jpg
40535,2018-03-18,Action,https://drive.google.com/file/d/1RKlY0F6F5BLeZXQkxZOWW0FzXT_AEAew/view?usp=drivesdk,IMG_20180318_140416.jpg
40536,2018-03-18,Action,https://drive.google.com/file/d/1RKlY0F6F5BLeZXQkxZOWW0FzXT_AEAew/view?usp=drivesdk,IMG_20180318_140416.jpg
40543,2018-03-20,Lidl,https://drive.google.com/file/d/1gQY9TURghcpxe3lQxxVs2NKU07uGMVD1/view?usp=drivesdk,IMG_20180320_114146.jpg
40544,2018-03-20,Lidl,https://drive.google.com/file/d/1gQY9TURghcpxe3lQxxVs2NKU07uGMVD1/view?usp=drivesdk,IMG_20180320_114146.jpg
40624,2018-02-28,Google,https://drive.google.com/file/d/1r7OHdLojcjA7K8od9hiHo0s-rqoeizwF/view?usp=drivesdk,Google 20180228.png
40625,2018-02-28,Google,https://drive.google.com/file/d/1r7OHdLojcjA7K8od9hiHo0s-rqoeizwF/view?usp=drivesdk,Google 20180228.png
40626,2018-03-31,Google,https://drive.google.com/file/d/1r9SoxgdXcwIOoftvpkfbniLYNTV-fbfF/view?usp=drivesdk,Google 20180331.png
40627,2018-03-31,Google,https://drive.google.com/file/d/1r9SoxgdXcwIOoftvpkfbniLYNTV-fbfF/view?usp=drivesdk,Google 20180331.png
40706,2018-04-04,Gamma,https://drive.google.com/file/d/1YTYBmTM-luT1zqPrzTW-fNLUtF2C_VZ_/view?usp=drivesdk,IMG_20180404_185529.jpg
40707,2018-04-04,Gamma,https://drive.google.com/file/d/1YTYBmTM-luT1zqPrzTW-fNLUtF2C_VZ_/view?usp=drivesdk,IMG_20180404_185529.jpg
40719,2018-04-04,Gamma,https://drive.google.com/file/d/1YTYBmTM-luT1zqPrzTW-fNLUtF2C_VZ_/view?usp=drivesdk,IMG_20180404_185529.jpg
40735,2018-04-01,Centr. Justitieel Incasso bureau,https://drive.google.com/file/d/1FNjdYQKEwsw6SQcElh13D1G3WW9UgzjM/view?usp=drivesdk,IMG_20180412_152928.jpg
40736,2018-04-12,Hema,https://drive.google.com/file/d/1WCfEUxgsaTgkW9QFL8ZicunC-0RuzHWD/view?usp=drivesdk,IMG_20180412_152742.jpg
40737,2018-04-12,Hema,https://drive.google.com/file/d/1WCfEUxgsaTgkW9QFL8ZicunC-0RuzHWD/view?usp=drivesdk,IMG_20180412_152742.jpg
40744,2018-04-19,Centr. Justitieel Incasso bureau,https://drive.google.com/file/d/1w6K4GoY4OXG6ftzSS3Y1hPTexrNgKzAB/view?usp=drivesdk,IMG_20180419_175158.jpg
40745,2018-04-21,Google,https://drive.google.com/file/d/1rN2HKbLGuvvGvlEpU4z2NBJkMWhL9SWI/view?usp=drivesdk,Google 20180421.png
40746,2018-04-16,Splatch,https://drive.google.com/file/d/1F9FHzzWqTM9_9V9eb5hO78FsszVHOQZk/view?usp=drivesdk,IMG_20180421_101501.jpg
40747,2018-04-16,Splatch,https://drive.google.com/file/d/1F9FHzzWqTM9_9V9eb5hO78FsszVHOQZk/view?usp=drivesdk,IMG_20180421_101501.jpg
40748,2018-04-21,Google,https://drive.google.com/file/d/1rN2HKbLGuvvGvlEpU4z2NBJkMWhL9SWI/view?usp=drivesdk,Google 20180421.png
40779,2018-04-12,HEMA,https://drive.google.com/file/d/1WCfEUxgsaTgkW9QFL8ZicunC-0RuzHWD/view?usp=drivesdk,IMG_20180412_152742.jpg
40796,2018-04-07,Centr. Justitieel Incasso bureau,https://drive.google.com/file/d/1Hc6yP-z7tZVy3B5pXGlJsg9EiwkEvJ0z/view?usp=drivesdk,IMG_20180422_173001.jpg
40834,2018-04-26,Centr. Justitieel Incasso bureau,https://drive.google.com/file/d/1kd1h1ypZ1uekw3nd41x3gH0mJuqG3w0R/view?usp=drivesdk,IMG_20180426_185030.jpg
40845,2018-04-26,Action,https://drive.google.com/file/d/0B9OBNkcEDqv1TVdXaUJBMTl2dEhFUkhwVlZYYkFncnpQWGln/view?usp=drivesdk&resourcekey=0-Fa4RkiO4L8z2sMbV455F3g,20180426_143810.jpg
41026,2018-05-28,Google,https://drive.google.com/file/d/1rQCBM2slvKySrCmi6q82WR7YgS7mcWJ5/view?usp=drivesdk,Google 20180528.png
41027,2018-05-28,Google,https://drive.google.com/file/d/1rQCBM2slvKySrCmi6q82WR7YgS7mcWJ5/view?usp=drivesdk,Google 20180528.png
41029,2018-05-31,Schoenservice,https://drive.google.com/file/d/1P6qkZQUKViuLPmv9psBwix2mdV2ePJLQ/view?usp=drivesdk,IMG_20180531_111854.jpg
41030,2018-05-31,Schoenservice,https://drive.google.com/file/d/1P6qkZQUKViuLPmv9psBwix2mdV2ePJLQ/view?usp=drivesdk,IMG_20180531_111854.jpg
41031,2018-05-31,Lidl,https://drive.google.com/file/d/1Rs3NcQc6xYuPR2V7ms4qFZm-7CjlRG5Y/view?usp=drivesdk,IMG_20180531_111636.jpg
41032,2018-05-31,Lidl,https://drive.google.com/file/d/1Rs3NcQc6xYuPR2V7ms4qFZm-7CjlRG5Y/view?usp=drivesdk,IMG_20180531_111636.jpg
41215,2018-06-15,Action,https://drive.google.com/file/d/1ZVAsjORppCS6xukTq_jzGO4NFPKdKR9M/view?usp=drivesdk,IMG_20180615_104316.jpg
41216,2018-06-15,Action,https://drive.google.com/file/d/1ZVAsjORppCS6xukTq_jzGO4NFPKdKR9M/view?usp=drivesdk,IMG_20180615_104316.jpg
41272,2018-06-28,Gamma,https://drive.google.com/file/d/1EmJvka9P7xgsgjQ3chaC6T9Y2DnMGjxp/view?usp=drivesdk,IMG_20180628_164507.jpg
41273,2018-06-28,Gamma,https://drive.google.com/file/d/1EmJvka9P7xgsgjQ3chaC6T9Y2DnMGjxp/view?usp=drivesdk,IMG_20180628_164507.jpg
41318,2018-06-29,Action,https://drive.google.com/file/d/189ZHT2kpsgVJmn0kE12KFC9mHfbRFlvp/view?usp=drivesdk,IMG_20180629_165021.jpg
41319,2018-06-29,Action,https://drive.google.com/file/d/189ZHT2kpsgVJmn0kE12KFC9mHfbRFlvp/view?usp=drivesdk,IMG_20180629_165021.jpg
41320,2018-06-28,Google,https://drive.google.com/file/d/1rSoE9vjugJUhBodhgSpE3qCqNW6RcMTD/view?usp=drivesdk,Google 20180628.png
41321,2018-06-28,Google,https://drive.google.com/file/d/1rSoE9vjugJUhBodhgSpE3qCqNW6RcMTD/view?usp=drivesdk,Google 20180628.png
41358,2018-07-10,Centr. Justitieel Incasso bureau,https://drive.google.com/file/d/1kOdt3JNcXhr0Be4Uc1cuJjlkDLaweTcS/view?usp=drivesdk,IMG_20180709_123132.jpg
41444,2018-07-27,Action,https://drive.google.com/file/d/1ni0M5QYmBA4eVhHFpFWQfnIGKMZFOOjN/view?usp=drivesdk,IMG_20180727_123815.jpg
41445,2018-07-27,Action,https://drive.google.com/file/d/1ni0M5QYmBA4eVhHFpFWQfnIGKMZFOOjN/view?usp=drivesdk,IMG_20180727_123815.jpg
41450,2018-07-28,Google,https://drive.google.com/file/d/1rWCOds1WACg3roc6eSOT8RpS1alaTKO4/view?usp=drivesdk,Google 20180728.png
41451,2018-07-28,Google,https://drive.google.com/file/d/1rWCOds1WACg3roc6eSOT8RpS1alaTKO4/view?usp=drivesdk,Google 20180728.png
41504,2018-08-03,Action,https://drive.google.com/file/d/1g4ygfj7iW-bgTwfw7s37e5TN_e0RRlg2/view?usp=drivesdk,IMG_20180803_093757.jpg
41505,2018-08-03,Action,https://drive.google.com/file/d/1g4ygfj7iW-bgTwfw7s37e5TN_e0RRlg2/view?usp=drivesdk,IMG_20180803_093757.jpg
41518,2018-08-06,Gamma,https://drive.google.com/file/d/1vtWSBELuww2zC1gw1cQuhhFwlbEroh8T/view?usp=drivesdk,IMG_20180806_192505.jpg
41519,2018-08-06,Gamma,https://drive.google.com/file/d/1vtWSBELuww2zC1gw1cQuhhFwlbEroh8T/view?usp=drivesdk,IMG_20180806_192505.jpg
41522,2018-08-08,Action,https://drive.google.com/file/d/1UQS8bognKpqAXYlaZg_xbqmmda83nE5Y/view?usp=drivesdk,IMG_20180808_162638.jpg
41523,2018-08-08,Action,https://drive.google.com/file/d/1UQS8bognKpqAXYlaZg_xbqmmda83nE5Y/view?usp=drivesdk,IMG_20180808_162638.jpg
41591,2018-08-28,Google,https://drive.google.com/file/d/1p5jrYjW9siivdpsY0F5wT_IjHTntPleP/view?usp=drivesdk,Screenshot 2024-07-18 123609.png
41592,2018-08-28,Google,https://drive.google.com/file/d/1p5jrYjW9siivdpsY0F5wT_IjHTntPleP/view?usp=drivesdk,Screenshot 2024-07-18 123609.png
41665,2018-09-03,Lidl,https://drive.google.com/file/d/16kVTfvIfM_14TQ9aZgjkUOlCfBTeIjpq/view?usp=drivesdk,IMG_20180903_094021.jpg
41666,2018-09-03,Lidl,https://drive.google.com/file/d/16kVTfvIfM_14TQ9aZgjkUOlCfBTeIjpq/view?usp=drivesdk,IMG_20180903_094021.jpg
41715,2018-09-13,Mediamarkt,https://drive.google.com/file/d/13GUD90tZr2OAzd7TwS2byObrzmAkOZsF/view?usp=drivesdk,IMG_20180913_202145.jpg
41716,2018-09-13,Mediamarkt,https://drive.google.com/file/d/13GUD90tZr2OAzd7TwS2byObrzmAkOZsF/view?usp=drivesdk,IMG_20180913_202145.jpg
41717,2018-09-14,Action,https://drive.google.com/file/d/1j4i1Nd4U_UQfZrX9M4oO70jZn2GP9xWc/view?usp=drivesdk,IMG_20180914_104254.jpg
41718,2018-09-14,Action,https://drive.google.com/file/d/1j4i1Nd4U_UQfZrX9M4oO70jZn2GP9xWc/view?usp=drivesdk,IMG_20180914_104254.jpg
41721,2018-09-17,ReplaceDirect,https://drive.google.com/file/d/1pDAEaPziKIbbZuEOJQXGiTOgA9FSMoaf/view?usp=drivesdk,Screenshot 2024-07-18 130739.png
41722,2018-09-17,ReplaceDirect,https://drive.google.com/file/d/1pDAEaPziKIbbZuEOJQXGiTOgA9FSMoaf/view?usp=drivesdk,Screenshot 2024-07-18 130739.png
41786,2018-09-21,Action,https://drive.google.com/file/d/1up1nl5AXYBgTQia-ybvqNVdIWPAIekgZ/view?usp=drivesdk,IMG_20180921_115627.jpg
41787,2018-09-21,Action,https://drive.google.com/file/d/1up1nl5AXYBgTQia-ybvqNVdIWPAIekgZ/view?usp=drivesdk,IMG_20180921_115627.jpg
41795,2018-09-27,Thuisbakkerswinkel,https://drive.google.com/file/d/1ssVlCvsBP7sTdthdX4ss1uiJixLIcgVZ/view?usp=drivesdk,Thuisbakkerswinkel 20180917.png
41796,2018-09-27,Thuisbakkerswinkel,https://drive.google.com/file/d/1ssVlCvsBP7sTdthdX4ss1uiJixLIcgVZ/view?usp=drivesdk,Thuisbakkerswinkel 20180917.png
41799,2018-09-26,E-Bikepoint,https://drive.google.com/file/d/1qs7IFZAk0G-lyEHbFik678WQMEjyWfuZ/view?usp=drivesdk,E-Bikepoint_20180926_110932.jpg
41800,2018-09-26,E-Bikepoint,https://drive.google.com/file/d/1qs7IFZAk0G-lyEHbFik678WQMEjyWfuZ/view?usp=drivesdk,E-Bikepoint_20180926_110932.jpg
41801,2018-09-28,Kalsbeek,https://drive.google.com/file/d/1sCd9CV6EVgfv29fTkaB-kPlpM3x70ds6/view?usp=drivesdk,Kalsbeek 20180928.png
41802,2018-09-28,Kalsbeek,https://drive.google.com/file/d/1sCd9CV6EVgfv29fTkaB-kPlpM3x70ds6/view?usp=drivesdk,Kalsbeek 20180928.png
41853,2018-09-28,Google,https://drive.google.com/file/d/1rYrnuARCeAUwKHjaPKW1DjsDQtJWgxAB/view?usp=drivesdk,Google 20180928.png
41854,2018-09-28,Google,https://drive.google.com/file/d/1rYrnuARCeAUwKHjaPKW1DjsDQtJWgxAB/view?usp=drivesdk,Google 20180928.png
41881,2018-10-04,Thuisbezorgd,https://drive.google.com/file/d/1sw3JHMXvk94kVIwITZ___bAYZqb2S3Wn/view?usp=drivesdk,Thuisbezorgd 2081004.png
41882,2018-10-04,Thuisbezorgd,https://drive.google.com/file/d/1sw3JHMXvk94kVIwITZ___bAYZqb2S3Wn/view?usp=drivesdk,Thuisbezorgd 2081004.png
41885,2018-10-09,Action,https://drive.google.com/file/d/1W7i53ab2khnvkLekA0JiM4LJTnQTd1pT/view?usp=drivesdk,IMG_20181009_161523.jpg
41886,2018-10-09,Action,https://drive.google.com/file/d/1W7i53ab2khnvkLekA0JiM4LJTnQTd1pT/view?usp=drivesdk,IMG_20181009_161523.jpg
41887,2018-10-08,care4floor,https://drive.google.com/file/d/1Ia7t9JP0R-xjsw8IrXwPThRmzriwXESV/view?usp=drivesdk,care4floor 20181011_175637.jpg
41888,2018-10-08,care4floor,https://drive.google.com/file/d/1Ia7t9JP0R-xjsw8IrXwPThRmzriwXESV/view?usp=drivesdk,care4floor 20181011_175637.jpg
41970,2018-10-26,ALBERT HEIJN,https://drive.google.com/file/d/1ZS5GuJDM0ZwlMglsXXJGc64FRNORWl1x/view?usp=drivesdk,IMG_20181026_153332.jpg
41971,2018-10-26,ALBERT HEIJN,https://drive.google.com/file/d/1ZS5GuJDM0ZwlMglsXXJGc64FRNORWl1x/view?usp=drivesdk,IMG_20181026_153332.jpg
42051,2018-11-02,Google,https://drive.google.com/file/d/1rdWgTyRZlM_rE45S2lhRbWj0NV9rSYDi/view?usp=drivesdk,Google 20181102.png
42052,2018-11-02,Google,https://drive.google.com/file/d/1rdWgTyRZlM_rE45S2lhRbWj0NV9rSYDi/view?usp=drivesdk,Google 20181102.png
42055,2018-11-04,Action,https://drive.google.com/file/d/1SfYBnTiNzzUhE9X8Rfxx2BUGPOPkkiGH/view?usp=drivesdk,IMG_20181104_121924.jpg
42056,2018-11-04,Action,https://drive.google.com/file/d/1SfYBnTiNzzUhE9X8Rfxx2BUGPOPkkiGH/view?usp=drivesdk,IMG_20181104_121924.jpg
42057,2018-11-06,MM Hoofddorp,https://drive.google.com/file/d/1Z7tSKiZic4KEmjdi5RfzMbq9SZIBXoG9/view?usp=drivesdk,20181107_074210.jpg
42058,2018-11-06,MM Hoofddorp,https://drive.google.com/file/d/1Z7tSKiZic4KEmjdi5RfzMbq9SZIBXoG9/view?usp=drivesdk,20181107_074210.jpg
42091,2018-11-14,Action,https://drive.google.com/file/d/1dMyZV3UnxJcAJjbufgJeFDrNGKUIngsX/view?usp=drivesdk,IMG_20181114_115419.jpg
42092,2018-11-14,Action,https://drive.google.com/file/d/1dMyZV3UnxJcAJjbufgJeFDrNGKUIngsX/view?usp=drivesdk,IMG_20181114_115419.jpg
42135,2018-11-21,Allekabels ,https://drive.google.com/file/d/1ppU8zkeR95zQb-ugjMTrE3ufG7r6g4fU/view?usp=drivesdk,AlleKabels 2024-07-22 235723.png
42136,2018-11-21,Allekabels ,https://drive.google.com/file/d/1ppU8zkeR95zQb-ugjMTrE3ufG7r6g4fU/view?usp=drivesdk,AlleKabels 2024-07-22 235723.png
42197,2018-12-01,Action,https://drive.google.com/file/d/1SLlJZi8zQNZ6iL1TY25BanqSd0U9gntV/view?usp=drivesdk,IMG_20181201_151800.jpg
42198,2018-12-01,Action,https://drive.google.com/file/d/1SLlJZi8zQNZ6iL1TY25BanqSd0U9gntV/view?usp=drivesdk,IMG_20181201_151800.jpg
42288,2018-12-24,Action,https://drive.google.com/file/d/1eCjDnAQusrjgCaTbUpxdeSCaAGi8TXKk/view?usp=drivesdk,IMG_20181224_092557.jpg
42289,2018-12-24,Action,https://drive.google.com/file/d/1eCjDnAQusrjgCaTbUpxdeSCaAGi8TXKk/view?usp=drivesdk,IMG_20181224_092557.jpg
42315,2018-12-29,Amfa4000,https://drive.google.com/file/d/1pso3wAqFBEgbt3Xs2zAIOdLNfE90gX-p/view?usp=drivesdk,Amfa4000 2024-07-22 235931.png
42316,2018-12-29,Amfa4000,https://drive.google.com/file/d/1pso3wAqFBEgbt3Xs2zAIOdLNfE90gX-p/view?usp=drivesdk,Amfa4000 2024-07-22 235931.png
42379,2019-01-12,Action,https://drive.google.com/file/d/1K9WgRpnB-ikkxPMFuIluH4lnUnO4XU2G/view?usp=drivesdk,IMG_20190112_125622.jpg
42380,2019-01-12,Action,https://drive.google.com/file/d/1K9WgRpnB-ikkxPMFuIluH4lnUnO4XU2G/view?usp=drivesdk,IMG_20190112_125622.jpg
42409,2019-01-14,Stroet,https://drive.google.com/file/d/0B9OBNkcEDqv1dzltdWFuUEs3RmkwMFpabk5XOGhWVGdCYS00/view?usp=drivesdk&resourcekey=0-tup3DeZn9vKZQMfbVuv_BQ,IMG_20190111_181122.jpg
42432,2019-01-22,Gamma,https://drive.google.com/file/d/1Vxqekc2Qu-BORlfOd13oVZHehWQ2ABFr/view?usp=drivesdk,IMG_20190122_141322.jpg
42433,2019-01-22,Gamma,https://drive.google.com/file/d/1Vxqekc2Qu-BORlfOd13oVZHehWQ2ABFr/view?usp=drivesdk,IMG_20190122_141322.jpg
42442,2019-02-01,MM Hoofddorp,https://drive.google.com/file/d/1-UXuXpiAgfIEAjT-orf7ayxqGfqDXS7z/view?usp=drivesdk,IMG_20190201_133409.jpg
42443,2019-02-01,MM Hoofddorp,https://drive.google.com/file/d/1-UXuXpiAgfIEAjT-orf7ayxqGfqDXS7z/view?usp=drivesdk,IMG_20190201_133409.jpg
42444,2019-02-01,Action,https://drive.google.com/file/d/1-zssg6_P8_PmSsMWXZOFdyj9OZt2K0rF/view?usp=drivesdk,IMG_20190201_113527.jpg
42445,2019-02-01,Action,https://drive.google.com/file/d/1-zssg6_P8_PmSsMWXZOFdyj9OZt2K0rF/view?usp=drivesdk,IMG_20190201_113527.jpg
42448,2019-02-01,Laundry Land,https://drive.google.com/file/d/1vtFsfe9CdIgA-6-uxnGkx-cP_5VJcMxG/view?usp=drivesdk,Laundry Land 20190202_115509.jpg
42449,2019-02-01,Laundry Land,https://drive.google.com/file/d/1vtFsfe9CdIgA-6-uxnGkx-cP_5VJcMxG/view?usp=drivesdk,Laundry Land 20190202_115509.jpg
42555,2019-02-06,Action,https://drive.google.com/file/d/1t2wFzrr9twmvbVumwI-JV_XpojfdwmF9/view?usp=drivesdk,IMG_20190208_105835.jpg
42556,2019-02-06,Action,https://drive.google.com/file/d/1t2wFzrr9twmvbVumwI-JV_XpojfdwmF9/view?usp=drivesdk,IMG_20190208_105835.jpg
42557,2019-02-07,Action,https://drive.google.com/file/d/1elTlMObAlI-o3cEVGreETwDmW-tCpJ0D/view?usp=drivesdk,IMG_20190207_143642.jpg
42558,2019-02-07,Action,https://drive.google.com/file/d/1elTlMObAlI-o3cEVGreETwDmW-tCpJ0D/view?usp=drivesdk,IMG_20190207_143642.jpg
42562,2019-01-18,SchoenService,https://drive.google.com/file/d/10PpBq0OOr1tLsTAbu4nQGmNfoqM_FilK/view?usp=drivesdk,IMG_20190118_195626.jpg
42563,2019-01-18,SchoenService,https://drive.google.com/file/d/10PpBq0OOr1tLsTAbu4nQGmNfoqM_FilK/view?usp=drivesdk,IMG_20190118_195626.jpg
42626,2019-02-20,Action,https://drive.google.com/file/d/1bu5xrmtNegNiyVy_FpBDap5XdSWiy8o_/view?usp=drivesdk,IMG_20190220_111300.jpg
42627,2019-02-20,Action,https://drive.google.com/file/d/1bu5xrmtNegNiyVy_FpBDap5XdSWiy8o_/view?usp=drivesdk,IMG_20190220_111300.jpg
42630,2019-02-21,Leen installatiebedrijf,https://drive.google.com/file/d/1nlofLuNpgKkonPLd3kWuBhXezWC3Jps4/view?usp=drivesdk,IMG_20190221_162220.jpg
42631,2019-02-21,Leen installatiebedrijf,https://drive.google.com/file/d/1nlofLuNpgKkonPLd3kWuBhXezWC3Jps4/view?usp=drivesdk,IMG_20190221_162220.jpg
42632,2019-02-21,Hemar,https://drive.google.com/file/d/1rkS6dEt-POww25bDr5PRkuwiUjrFJmJ0/view?usp=drivesdk,Hemar 20190221.png
42633,2019-02-21,Hemar,https://drive.google.com/file/d/1rkS6dEt-POww25bDr5PRkuwiUjrFJmJ0/view?usp=drivesdk,Hemar 20190221.png
42634,2019-02-22,MM Hoofddorp,https://drive.google.com/file/d/1bEb4MOODQupMjn-vWujxuQhZqMfNtqjf/view?usp=drivesdk,IMG_20190222_173716.jpg
42635,2019-02-22,MM Hoofddorp,https://drive.google.com/file/d/1bEb4MOODQupMjn-vWujxuQhZqMfNtqjf/view?usp=drivesdk,IMG_20190222_173716.jpg
42636,2019-02-22,Action,https://drive.google.com/file/d/1iI3-VPAF6RWZRApB93zphnM2nt6Hlgb3/view?usp=drivesdk,IMG_20190222_174905.jpg
42637,2019-02-22,Action,https://drive.google.com/file/d/1iI3-VPAF6RWZRApB93zphnM2nt6Hlgb3/view?usp=drivesdk,IMG_20190222_174905.jpg
42743,2018-10-12,Idex,https://drive.google.com/file/d/1sbZlzblBFa6EYUpI8KQt45NRfEiCnaDt/view?usp=drivesdk,IDEX_20181013_200303.jpg
42744,2018-10-12,Idex,https://drive.google.com/file/d/1sbZlzblBFa6EYUpI8KQt45NRfEiCnaDt/view?usp=drivesdk,IDEX_20181013_200303.jpg
42748,2018-04-26,Action,https://drive.google.com/file/d/0B9OBNkcEDqv1TVdXaUJBMTl2dEhFUkhwVlZYYkFncnpQWGln/view?usp=drivesdk&resourcekey=0-Fa4RkiO4L8z2sMbV455F3g,20180426_143810.jpg
42749,2018-04-26,Action,https://drive.google.com/file/d/0B9OBNkcEDqv1TVdXaUJBMTl2dEhFUkhwVlZYYkFncnpQWGln/view?usp=drivesdk&resourcekey=0-Fa4RkiO4L8z2sMbV455F3g,20180426_143810.jpg
42762,2019-03-14,Intratuin,https://drive.google.com/file/d/0B9OBNkcEDqv1T0R6eWQ4UjhIS2d3elN5XzRKSjFFQTR6aS13/view?usp=drivesdk&resourcekey=0-oauy-7YOb2lbEu-P2N9AWw,IMG_20190314_170240.jpg
42763,2019-03-14,Intratuin,https://drive.google.com/file/d/0B9OBNkcEDqv1T0R6eWQ4UjhIS2d3elN5XzRKSjFFQTR6aS13/view?usp=drivesdk&resourcekey=0-oauy-7YOb2lbEu-P2N9AWw,IMG_20190314_170240.jpg
42820,2019-03-16,Action,https://drive.google.com/file/d/1NRONqcGz41BLUbzNFROc4bA0bQdnYxIn/view?usp=drivesdk,IMG_20190316_164306.jpg
42821,2019-03-16,Action,https://drive.google.com/file/d/1NRONqcGz41BLUbzNFROc4bA0bQdnYxIn/view?usp=drivesdk,IMG_20190316_164306.jpg
42858,2019-03-26,Aldi,https://drive.google.com/file/d/19emw6MFrcqQmBGMrVtlkILbyzoIZTLeX/view?usp=drivesdk,IMG_20190326_152632.jpg
42859,2019-03-26,Aldi,https://drive.google.com/file/d/19emw6MFrcqQmBGMrVtlkILbyzoIZTLeX/view?usp=drivesdk,IMG_20190326_152632.jpg
42860,2019-03-26,Action,https://drive.google.com/file/d/1GMvfW5bxtwENwnKI_sUdn8oV3k-Bh3DW/view?usp=drivesdk,IMG_20190326_155521.jpg
42861,2019-03-26,Action,https://drive.google.com/file/d/1GMvfW5bxtwENwnKI_sUdn8oV3k-Bh3DW/view?usp=drivesdk,IMG_20190326_155521.jpg
42930,2019-04-05,Sleiderink,https://drive.google.com/file/d/1sp1uPuNi0HDFrKQPDTCTxp3Cca0SQZR9/view?usp=drivesdk,Sleiderink 20190405.png
42931,2019-04-05,Sleiderink,https://drive.google.com/file/d/1sp1uPuNi0HDFrKQPDTCTxp3Cca0SQZR9/view?usp=drivesdk,Sleiderink 20190405.png
43072,2019-04-25,Special Paint,https://drive.google.com/file/d/1iKgr7GcL8dudyRcqAAdoCYX0iqq_JnXt/view?usp=drivesdk,Special Paint_20190425_132842.jpg
43073,2019-04-25,Special Paint,https://drive.google.com/file/d/1iKgr7GcL8dudyRcqAAdoCYX0iqq_JnXt/view?usp=drivesdk,Special Paint_20190425_132842.jpg
43074,2019-04-23,Glaspunt,https://drive.google.com/file/d/1bZeAE0qr1PHtDMGqOJHLjB4ZpWJHdaNi/view?usp=drivesdk,Glaspunt_20190424_145622.jpg
43075,2019-04-23,Glaspunt,https://drive.google.com/file/d/1bZeAE0qr1PHtDMGqOJHLjB4ZpWJHdaNi/view?usp=drivesdk,Glaspunt_20190424_145622.jpg
43076,2019-04-24,Action,https://drive.google.com/file/d/1-Nk_k7uz5DD8N7iydjxWZkwFmfphorUk/view?usp=drivesdk,IMG_20190424_141513.jpg
43077,2019-04-24,Action,https://drive.google.com/file/d/1-Nk_k7uz5DD8N7iydjxWZkwFmfphorUk/view?usp=drivesdk,IMG_20190424_141513.jpg
43133,2019-04-30,Aquatic,https://drive.google.com/file/d/1pxzzvtp2nRvoQmXrx-2bWYJ_cxF8hVwN/view?usp=drivesdk,Aquatic_20190430_152759.jpg
43134,2019-04-30,Aquatic,https://drive.google.com/file/d/1pxzzvtp2nRvoQmXrx-2bWYJ_cxF8hVwN/view?usp=drivesdk,Aquatic_20190430_152759.jpg
43139,2019-05-06,Albert Heijn,https://drive.google.com/file/d/1FtzuRxlag0ZprEfZW_YZfdVWfvIeealU/view?usp=drivesdk,IMG_20190506_192548.jpg
43140,2019-05-06,Albert Heijn,https://drive.google.com/file/d/1FtzuRxlag0ZprEfZW_YZfdVWfvIeealU/view?usp=drivesdk,IMG_20190506_192548.jpg
43148,2019-05-11,Action,https://drive.google.com/file/d/1QFiCrW9SswyUnTukW7j3aZyub1c45hXI/view?usp=drivesdk,IMG_20190511_154918.jpg
43149,2019-05-11,Action,https://drive.google.com/file/d/1QFiCrW9SswyUnTukW7j3aZyub1c45hXI/view?usp=drivesdk,IMG_20190511_154918.jpg
43197,2019-05-06,Albert Heijn,https://drive.google.com/file/d/1FtzuRxlag0ZprEfZW_YZfdVWfvIeealU/view?usp=drivesdk,IMG_20190506_192548.jpg
43209,2019-05-12,Gamma,https://drive.google.com/file/d/1dNMriXDJWX2fXO0TLbyawe07HTnBxjH-/view?usp=drivesdk,IMG_20190512_145716.jpg
43210,2019-05-12,Gamma,https://drive.google.com/file/d/1dNMriXDJWX2fXO0TLbyawe07HTnBxjH-/view?usp=drivesdk,IMG_20190512_145716.jpg
43211,2019-05-16,Action,https://drive.google.com/file/d/19hy1edNgJzmbLsMSIj72kTORSv-4ihZe/view?usp=drivesdk,IMG_20190516_104111.jpg
43212,2019-05-16,Action,https://drive.google.com/file/d/19hy1edNgJzmbLsMSIj72kTORSv-4ihZe/view?usp=drivesdk,IMG_20190516_104111.jpg
43263,2019-01-07,Stroet,https://drive.google.com/file/d/0B9OBNkcEDqv1dzltdWFuUEs3RmkwMFpabk5XOGhWVGdCYS00/view?usp=drivesdk&resourcekey=0-tup3DeZn9vKZQMfbVuv_BQ,IMG_20190111_181122.jpg
43270,2019-05-22,Thuisbakkerswinkel,https://drive.google.com/file/d/1suDj87GSQFWpzwgEawsKT08NPVsYgSZk/view?usp=drivesdk,Thuisbakkerswinkel 20190522.png
43271,2019-05-22,Thuisbakkerswinkel,https://drive.google.com/file/d/1suDj87GSQFWpzwgEawsKT08NPVsYgSZk/view?usp=drivesdk,Thuisbakkerswinkel 20190522.png
43303,2019-05-29,Action,https://drive.google.com/file/d/12JwVs8zbd9foO9S22fRgMY2FZI2O0dVd/view?usp=drivesdk,IMG_20190529_110029.jpg
43304,2019-05-29,Action,https://drive.google.com/file/d/12JwVs8zbd9foO9S22fRgMY2FZI2O0dVd/view?usp=drivesdk,IMG_20190529_110029.jpg
43305,2019-05-29,Hema,https://drive.google.com/file/d/15VJvV6rFiS-v893z6TDQx7c81LQFLgvh/view?usp=drivesdk,HEMA_20190529_110633.jpg
43306,2019-05-29,Hema,https://drive.google.com/file/d/15VJvV6rFiS-v893z6TDQx7c81LQFLgvh/view?usp=drivesdk,HEMA_20190529_110633.jpg
43336,2019-06-09,Action,https://drive.google.com/file/d/1yTEbRS7OhTvmIc3_KgVKxOCnvZD2it53/view?usp=drivesdk,20190608_142841.jpg
43337,2019-06-09,Action,https://drive.google.com/file/d/1yTEbRS7OhTvmIc3_KgVKxOCnvZD2it53/view?usp=drivesdk,20190608_142841.jpg
43485,2019-06-19,Schoenservice,https://drive.google.com/file/d/1xeTdd0Ohx8Q0Gp7mnHtirUTiaryCQ2Pt/view?usp=drivesdk,IMG_20190619_125739.jpg
43486,2019-06-19,Schoenservice,https://drive.google.com/file/d/1xeTdd0Ohx8Q0Gp7mnHtirUTiaryCQ2Pt/view?usp=drivesdk,IMG_20190619_125739.jpg
43491,2019-06-15,Sissy-Boy,https://drive.google.com/file/d/11pPUm1EmbDSZRw3x0bHj9rgk9jbcIn1U/view?usp=drivesdk,Sissy-Boy_20190615_182103.jpg
43492,2019-06-15,Sissy-Boy,https://drive.google.com/file/d/11pPUm1EmbDSZRw3x0bHj9rgk9jbcIn1U/view?usp=drivesdk,Sissy-Boy_20190615_182103.jpg
43517,2019-06-22,Bouwmaat,https://drive.google.com/file/d/1Ip9jm1FX2fjE8ERDBPnoi66_DvXSUSw4/view?usp=drivesdk,IMG_20190622_151907.jpg
43518,2019-06-22,Bouwmaat,https://drive.google.com/file/d/1Ip9jm1FX2fjE8ERDBPnoi66_DvXSUSw4/view?usp=drivesdk,IMG_20190622_151907.jpg
43520,2019-06-20,Blauwhof,https://drive.google.com/file/d/1Q__Yzgv6OJJ7QsPqxZiJaSKny7YCfVfq/view?usp=drivesdk,Blauwhof IMG_20190624_120811.jpg
43521,2019-06-20,Blauwhof,https://drive.google.com/file/d/1Q__Yzgv6OJJ7QsPqxZiJaSKny7YCfVfq/view?usp=drivesdk,Blauwhof IMG_20190624_120811.jpg
43530,2019-06-26,Action,https://drive.google.com/file/d/1R6ZpzXLpehISzPvvqpF_I2sp6lO4XmWC/view?usp=drivesdk,IMG_20190626_170026.jpg
43531,2019-06-26,Action,https://drive.google.com/file/d/1R6ZpzXLpehISzPvvqpF_I2sp6lO4XmWC/view?usp=drivesdk,IMG_20190626_170026.jpg
43623,2019-07-04,Gamma,https://drive.google.com/file/d/13auQyvcZonwRQ6mUFZ9ag4pdPJVwEj86/view?usp=drivesdk,IMG_20190704_121721.jpg
43624,2019-07-04,Gamma,https://drive.google.com/file/d/13auQyvcZonwRQ6mUFZ9ag4pdPJVwEj86/view?usp=drivesdk,IMG_20190704_121721.jpg
43694,2019-01-07,Stroet,https://drive.google.com/file/d/0B9OBNkcEDqv1dzltdWFuUEs3RmkwMFpabk5XOGhWVGdCYS00/view?usp=drivesdk&resourcekey=0-tup3DeZn9vKZQMfbVuv_BQ,IMG_20190111_181122.jpg
43707,2019-07-06,Action,https://drive.google.com/file/d/1TaOvOxiDDm-Jii4WIFopGOobn29WFMBF/view?usp=drivesdk,IMG_20190705_180153.jpg
43708,2019-07-06,Action,https://drive.google.com/file/d/1TaOvOxiDDm-Jii4WIFopGOobn29WFMBF/view?usp=drivesdk,IMG_20190705_180153.jpg
43709,2019-07-09,Bouwmaat,https://drive.google.com/file/d/1_GFM3dECJZ2py6tjR8GUHTuWwRJSUXSj/view?usp=drivesdk,IMG_20190709_123412.jpg
43710,2019-07-09,Bouwmaat,https://drive.google.com/file/d/1_GFM3dECJZ2py6tjR8GUHTuWwRJSUXSj/view?usp=drivesdk,IMG_20190709_123412.jpg
43744,2019-07-11,Action,https://drive.google.com/file/d/1HOMzbmZ6o2ox49qoD8M_59n9NFC51XML/view?usp=drivesdk,IMG_20190711_162006.jpg
43745,2019-07-11,Action,https://drive.google.com/file/d/1HOMzbmZ6o2ox49qoD8M_59n9NFC51XML/view?usp=drivesdk,IMG_20190711_162006.jpg
43804,2019-07-19,Karwei,https://drive.google.com/file/d/1svIYiv4vVdP7owjsHV1roJKd-SfyPpxE/view?usp=drivesdk,IMG_20190719_205823.jpg
43805,2019-07-19,Karwei,https://drive.google.com/file/d/1svIYiv4vVdP7owjsHV1roJKd-SfyPpxE/view?usp=drivesdk,IMG_20190719_205823.jpg
43824,2019-07-19,Sanitairkamer,https://drive.google.com/file/d/1sZCpE5BVl3ZPBd01rAYhrBdyPM5UpGIW/view?usp=drivesdk,Sanitairkamer 20170719.png
43830,2019-07-24,MM Hoofddorp,https://drive.google.com/file/d/1xIbUl_yYu3rhOFaoy8fygbQKQVesmnx6/view?usp=drivesdk,IMG_20190724_100141.jpg
43831,2019-07-24,MM Hoofddorp,https://drive.google.com/file/d/1xIbUl_yYu3rhOFaoy8fygbQKQVesmnx6/view?usp=drivesdk,IMG_20190724_100141.jpg
43840,2019-07-25,MM Hoofddorp,https://drive.google.com/file/d/1k7thhG4lxad5S6qK8IdwKVPYymdyIIje/view?usp=drivesdk,IMG_20190725_180036.jpg
43841,2019-07-25,MM Hoofddorp,https://drive.google.com/file/d/1k7thhG4lxad5S6qK8IdwKVPYymdyIIje/view?usp=drivesdk,IMG_20190725_180036.jpg
43842,2019-07-19,Sanitairkamer,https://drive.google.com/file/d/1sZCpE5BVl3ZPBd01rAYhrBdyPM5UpGIW/view?usp=drivesdk,Sanitairkamer 20170719.png
43843,2019-07-19,Sanitairkamer,https://drive.google.com/file/d/1sZCpE5BVl3ZPBd01rAYhrBdyPM5UpGIW/view?usp=drivesdk,Sanitairkamer 20170719.png
43900,2019-08-01,Gamma,https://drive.google.com/file/d/1nd4835Skvv_kuOwmWaFypubPwwQerDLy/view?usp=drivesdk,IMG_20190801_205726.jpg
43901,2019-08-01,Gamma,https://drive.google.com/file/d/1nd4835Skvv_kuOwmWaFypubPwwQerDLy/view?usp=drivesdk,IMG_20190801_205726.jpg
43917,2019-08-03,Karwei,https://drive.google.com/file/d/1nhPGHLldEPsqqtEKH2Ag0tVuWf986yzb/view?usp=drivesdk,IMG_20190803_193503.jpg
43918,2019-08-03,Karwei,https://drive.google.com/file/d/1nhPGHLldEPsqqtEKH2Ag0tVuWf986yzb/view?usp=drivesdk,IMG_20190803_193503.jpg
44021,2019-08-17,Action,https://drive.google.com/file/d/1TTHQSVg5XdYjgxlzYOJ5snVufKbYaURt/view?usp=drivesdk,IMG_20190817_164341.jpg
44022,2019-08-17,Action,https://drive.google.com/file/d/1TTHQSVg5XdYjgxlzYOJ5snVufKbYaURt/view?usp=drivesdk,IMG_20190817_164341.jpg
44023,2019-08-20,Hornbach,https://drive.google.com/file/d/1g2n2qGtjGCSk-o4HKubnYBze9DXnWRXg/view?usp=drivesdk,Hornbach_20190820_111809.jpg
44024,2019-08-20,Hornbach,https://drive.google.com/file/d/1g2n2qGtjGCSk-o4HKubnYBze9DXnWRXg/view?usp=drivesdk,Hornbach_20190820_111809.jpg
44045,2019-08-22,Gamma,https://drive.google.com/file/d/1eG4rS688MkvYHx1IM-R7e8F1d6QgRbP5/view?usp=drivesdk,IMG_20190822_120858.jpg
44046,2019-08-22,Gamma,https://drive.google.com/file/d/1eG4rS688MkvYHx1IM-R7e8F1d6QgRbP5/view?usp=drivesdk,IMG_20190822_120858.jpg
44125,2019-08-30,Action,https://drive.google.com/file/d/1upQvUlXHzgCI_WuYf5Ep7qyBolaxnvCi/view?usp=drivesdk,IMG_20190830_191706.jpg
44126,2019-08-30,Action,https://drive.google.com/file/d/1upQvUlXHzgCI_WuYf5Ep7qyBolaxnvCi/view?usp=drivesdk,IMG_20190830_191706.jpg
44127,2019-08-30,Volero,https://drive.google.com/file/d/1t22l9Tuon0gWEU4-V5ljCV6oEDnZarba/view?usp=drivesdk,Volero 20190830.png
44128,2019-08-30,Volero,https://drive.google.com/file/d/1t22l9Tuon0gWEU4-V5ljCV6oEDnZarba/view?usp=drivesdk,Volero 20190830.png
44145,2019-09-08,IKEA,https://drive.google.com/file/d/1WT-dW1bY3kJ01k3a4vcjMJBahk3lVKBK/view?usp=drivesdk,IMG_20190910_194006.jpg
44146,2019-09-08,IKEA,https://drive.google.com/file/d/1WT-dW1bY3kJ01k3a4vcjMJBahk3lVKBK/view?usp=drivesdk,IMG_20190910_194006.jpg
44147,2019-09-10,Karwei,https://drive.google.com/file/d/1sFX-ScHJtbIcFWxzfaVOob_WWK0yw-Bx/view?usp=drivesdk,Karwei 20190910.png
44148,2019-09-10,Karwei,https://drive.google.com/file/d/1sFX-ScHJtbIcFWxzfaVOob_WWK0yw-Bx/view?usp=drivesdk,Karwei 20190910.png
44149,2019-09-10,Karwei,https://drive.google.com/file/d/13H0zgSi0RtwW25W2V_cUTiHI1SjKnx3r/view?usp=drivesdk,IMG_20190910_193346.jpg
44150,2019-09-10,Karwei,https://drive.google.com/file/d/13H0zgSi0RtwW25W2V_cUTiHI1SjKnx3r/view?usp=drivesdk,IMG_20190910_193346.jpg
44151,2019-09-10,Gamma,https://drive.google.com/file/d/1VoKz93mkZtRQoKFjfCVjhYRLIgj73guk/view?usp=drivesdk,IMG_20190910_191503.jpg
44152,2019-09-10,Gamma,https://drive.google.com/file/d/1VoKz93mkZtRQoKFjfCVjhYRLIgj73guk/view?usp=drivesdk,IMG_20190910_191503.jpg
44153,2019-09-10,Brezan,https://drive.google.com/file/d/1iT1Q35UiGCT_4CvNjxHGXzIjx53kAf8V/view?usp=drivesdk,Brezan_20190910_141624.jpg
44154,2019-09-10,Brezan,https://drive.google.com/file/d/1iT1Q35UiGCT_4CvNjxHGXzIjx53kAf8V/view?usp=drivesdk,Brezan_20190910_141624.jpg
44160,2019-09-10,Gamma,https://drive.google.com/file/d/12nNn0B3J4ht24S0OOp1ADi62-FnxqtwR/view?usp=drivesdk,20190910_112441.jpg
44161,2019-09-10,Gamma,https://drive.google.com/file/d/12nNn0B3J4ht24S0OOp1ADi62-FnxqtwR/view?usp=drivesdk,20190910_112441.jpg
44164,2019-09-10,Karwei,https://drive.google.com/file/d/1EKITxJ4lAiswbKbNkUju7KjJnPGItyFx/view?usp=drivesdk,20190910_112349.jpg
44165,2019-09-10,Karwei,https://drive.google.com/file/d/1EKITxJ4lAiswbKbNkUju7KjJnPGItyFx/view?usp=drivesdk,20190910_112349.jpg
44166,2019-09-10,Gamma,https://drive.google.com/file/d/1wwQYdSjvwHUR6TvfHotjBmWTbA44WYcO/view?usp=drivesdk,IMG_20190908_144841.jpg
44167,2019-09-10,Gamma,https://drive.google.com/file/d/1wwQYdSjvwHUR6TvfHotjBmWTbA44WYcO/view?usp=drivesdk,IMG_20190908_144841.jpg
44230,2019-08-30,Volero,https://drive.google.com/file/d/1t22l9Tuon0gWEU4-V5ljCV6oEDnZarba/view?usp=drivesdk,Volero 20190830.png
44258,2019-09-10,Karwei,https://drive.google.com/file/d/1sFX-ScHJtbIcFWxzfaVOob_WWK0yw-Bx/view?usp=drivesdk,Karwei 20190910.png
44270,2019-09-11,Gamma,https://drive.google.com/file/d/1d4e3emQ0T9-knE2UXQLR70s6UxV8UNCo/view?usp=drivesdk,IMG_20190911_111231.jpg
44271,2019-09-11,Gamma,https://drive.google.com/file/d/1d4e3emQ0T9-knE2UXQLR70s6UxV8UNCo/view?usp=drivesdk,IMG_20190911_111231.jpg
44274,2019-09-13,Gamma,https://drive.google.com/file/d/1v2L8pAJ8jpN8awX7cFainpoKh8VopQzP/view?usp=drivesdk,IMG_20190913_202312.jpg
44275,2019-09-13,Gamma,https://drive.google.com/file/d/1v2L8pAJ8jpN8awX7cFainpoKh8VopQzP/view?usp=drivesdk,IMG_20190913_202312.jpg
44290,2019-09-15,Action,https://drive.google.com/file/d/1pK4E43PsGmmQvmOuRQ_16BisdGu_9xTg/view?usp=drivesdk,IMG_20190915_135435.jpg
44291,2019-09-15,Action,https://drive.google.com/file/d/1pK4E43PsGmmQvmOuRQ_16BisdGu_9xTg/view?usp=drivesdk,IMG_20190915_135435.jpg
44302,2019-09-15,Albert Heijn,https://drive.google.com/file/d/1VHb59Z8rJc_AR1pyj2AKJ3ZS76MjIJYm/view?usp=drivesdk,IMG_20190914_164921.jpg
44303,2019-09-15,Albert Heijn,https://drive.google.com/file/d/1VHb59Z8rJc_AR1pyj2AKJ3ZS76MjIJYm/view?usp=drivesdk,IMG_20190914_164921.jpg
44304,2019-09-15,Xenos,https://drive.google.com/file/d/1nJiP0l530cMWlGyr5MaRbCRFlomvvuiR/view?usp=drivesdk,IMG_20190914_162611.jpg
44305,2019-09-15,Xenos,https://drive.google.com/file/d/1nJiP0l530cMWlGyr5MaRbCRFlomvvuiR/view?usp=drivesdk,IMG_20190914_162611.jpg
44306,2019-09-14,Action,https://drive.google.com/file/d/1kG8XC-l2Q33B96mXV50ampj7gejfW5Tk/view?usp=drivesdk,IMG_20190914_155657.jpg
44307,2019-09-14,Action,https://drive.google.com/file/d/1kG8XC-l2Q33B96mXV50ampj7gejfW5Tk/view?usp=drivesdk,IMG_20190914_155657.jpg
44308,2019-09-12,Hornbach,https://drive.google.com/file/d/1TnYwG4n5Ls9i3-swht9BFN2QZ7uEW-mp/view?usp=drivesdk,Hornbach 20190913_092352.jpg
44311,2019-09-12,Hornbach,https://drive.google.com/file/d/1TnYwG4n5Ls9i3-swht9BFN2QZ7uEW-mp/view?usp=drivesdk,Hornbach 20190913_092352.jpg
44312,2019-09-13,Karwei,https://drive.google.com/file/d/1DunNB5qKwTR9u7ymLewhgOjxxzOjK4QR/view?usp=drivesdk,20190913_092249.jpg
44313,2019-09-13,Karwei,https://drive.google.com/file/d/1DunNB5qKwTR9u7ymLewhgOjxxzOjK4QR/view?usp=drivesdk,20190913_092249.jpg
44323,2019-09-19,Karwei,https://drive.google.com/file/d/1_CbknyNUtN3eZMyH43ivV4SQP17WwnSx/view?usp=drivesdk,IMG_20190919_131641.jpg
44324,2019-09-19,Karwei,https://drive.google.com/file/d/1_CbknyNUtN3eZMyH43ivV4SQP17WwnSx/view?usp=drivesdk,IMG_20190919_131641.jpg
44325,2019-09-21,Action,https://drive.google.com/file/d/1-hd-T2VXXbrCkT8XH_ztY7ldUegmtRi9/view?usp=drivesdk,20190921_124231.jpg
44326,2019-09-21,Action,https://drive.google.com/file/d/1-hd-T2VXXbrCkT8XH_ztY7ldUegmtRi9/view?usp=drivesdk,20190921_124231.jpg
44327,2019-09-21,Intratuin,https://drive.google.com/file/d/1YvY7BnZqahmF0J-6CqeWxxgsZ5WKNRYU/view?usp=drivesdk,IMG_20190921_121618.jpg
44328,2019-09-21,Intratuin,https://drive.google.com/file/d/1YvY7BnZqahmF0J-6CqeWxxgsZ5WKNRYU/view?usp=drivesdk,IMG_20190921_121618.jpg
44329,2019-09-18,Sprayblussers,https://drive.google.com/file/d/1JhZNslfDnLL6wGDJ7ZSpTERuHUJsiPMt/view?usp=drivesdk,Sprayblussers_20190920_175433.jpg
44330,2019-09-18,Sprayblussers,https://drive.google.com/file/d/1JhZNslfDnLL6wGDJ7ZSpTERuHUJsiPMt/view?usp=drivesdk,Sprayblussers_20190920_175433.jpg
44336,2019-09-19,IKEA,https://drive.google.com/file/d/1l2dnMElQ0eb0vKgXhwcrwkfq-XyBS-H4/view?usp=drivesdk,IMG_20190919_201709.jpg
44337,2019-09-19,IKEA,https://drive.google.com/file/d/1l2dnMElQ0eb0vKgXhwcrwkfq-XyBS-H4/view?usp=drivesdk,IMG_20190919_201709.jpg
44338,2019-09-17,Gamma,https://drive.google.com/file/d/1WjJlQFWbUxkdHm14b7zuXRFZiSUrLrNF/view?usp=drivesdk,IMG_20190917_175632.jpg
44339,2019-09-17,Gamma,https://drive.google.com/file/d/1WjJlQFWbUxkdHm14b7zuXRFZiSUrLrNF/view?usp=drivesdk,IMG_20190917_175632.jpg
44340,2019-09-17,Gamma,https://drive.google.com/file/d/1Eb_I0jlgsRlYmUl0mdBeFtnpm_LapRA3/view?usp=drivesdk,IMG_20190917_172529.jpg
44341,2019-09-17,Gamma,https://drive.google.com/file/d/1Eb_I0jlgsRlYmUl0mdBeFtnpm_LapRA3/view?usp=drivesdk,IMG_20190917_172529.jpg
44415,2019-09-15,Blokker,https://drive.google.com/file/d/17lOIY26UP84mRZhYVRxnyY6G3EyW08iz/view?usp=drivesdk,IMG_20190915_141452.jpg
44522,2019-10-03,Action,https://drive.google.com/file/d/1hJ6i2px3MyucazjGuvD0XyTBvopNN1aX/view?usp=drivesdk,IMG_20191003_120826.jpg
44523,2019-10-03,Action,https://drive.google.com/file/d/1hJ6i2px3MyucazjGuvD0XyTBvopNN1aX/view?usp=drivesdk,IMG_20191003_120826.jpg
44561,2019-09-15,Blokker,https://drive.google.com/file/d/17lOIY26UP84mRZhYVRxnyY6G3EyW08iz/view?usp=drivesdk,IMG_20190915_141452.jpg
44562,2019-09-15,Blokker,https://drive.google.com/file/d/17lOIY26UP84mRZhYVRxnyY6G3EyW08iz/view?usp=drivesdk,IMG_20190915_141452.jpg
44563,2019-09-22,Blokker,https://drive.google.com/file/d/1fjFmhigd8rpNrFII6D2TeGQfXxU8PEA8/view?usp=drivesdk,20190922_132103.jpg
44564,2019-09-22,Blokker,https://drive.google.com/file/d/1fjFmhigd8rpNrFII6D2TeGQfXxU8PEA8/view?usp=drivesdk,20190922_132103.jpg
44570,2019-09-06,Hornbach,https://drive.google.com/file/d/1XmjOMq_RbTT2DcaiNiF_NXACa1k-Pocn/view?usp=drivesdk,Hornbach 20190906_183230.jpg
44571,2019-09-06,Hornbach,https://drive.google.com/file/d/1XmjOMq_RbTT2DcaiNiF_NXACa1k-Pocn/view?usp=drivesdk,Hornbach 20190906_183230.jpg
44572,2019-09-10,Gamma,https://drive.google.com/file/d/12hCK9bDXUmqpGL_bq_CUpnpZRzvkdSIe/view?usp=drivesdk,IMG_20190911_165759.jpg
44573,2019-09-10,Gamma,https://drive.google.com/file/d/12hCK9bDXUmqpGL_bq_CUpnpZRzvkdSIe/view?usp=drivesdk,IMG_20190911_165759.jpg
44578,2019-07-19,Sanitairkamer,https://drive.google.com/file/d/1sZCpE5BVl3ZPBd01rAYhrBdyPM5UpGIW/view?usp=drivesdk,Sanitairkamer 20170719.png
44587,2019-10-08,MM Hoofddorp,https://drive.google.com/file/d/1NHh0wtz4fXhrOxu08ED2K5ZswufYygpV/view?usp=drivesdk,IMG_20191007_131814.jpg
44588,2019-10-08,MM Hoofddorp,https://drive.google.com/file/d/1NHh0wtz4fXhrOxu08ED2K5ZswufYygpV/view?usp=drivesdk,IMG_20191007_131814.jpg
44589,2019-10-09,Action,https://drive.google.com/file/d/1p6Zs5uxcyZlom9JlMgtikW775GmHAHWf/view?usp=drivesdk,IMG_20191009_122633.jpg
44590,2019-10-09,Action,https://drive.google.com/file/d/1p6Zs5uxcyZlom9JlMgtikW775GmHAHWf/view?usp=drivesdk,IMG_20191009_122633.jpg
44655,2019-10-15,Gamma,https://drive.google.com/file/d/1PLJDaY9MI1SvdTJTlnjtuLYequfGERmT/view?usp=drivesdk,IMG_20191015_180332.jpg
44706,2019-10-16,Afstandsbediening,https://drive.google.com/file/d/1palSFxFmPtDd8qGPluQC1HVuROucozEb/view?usp=drivesdk,Afstandsbediening 2024-07-22 234151.png
44707,2019-10-16,Afstandsbediening,https://drive.google.com/file/d/1palSFxFmPtDd8qGPluQC1HVuROucozEb/view?usp=drivesdk,Afstandsbediening 2024-07-22 234151.png
44708,2019-10-19,Albert Heijn,https://drive.google.com/file/d/10nbWSAAYL7J1_oFlfi-SCwMvS8bxDWYc/view?usp=drivesdk,IMG_20191019_115553.jpg
44709,2019-10-19,Albert Heijn,https://drive.google.com/file/d/10nbWSAAYL7J1_oFlfi-SCwMvS8bxDWYc/view?usp=drivesdk,IMG_20191019_115553.jpg
44710,2019-10-19,Action,https://drive.google.com/file/d/1ud3-jBh0Rnh2WivmWRQS6s9U50sKYwzC/view?usp=drivesdk,IMG_20191019_114742.jpg
44711,2019-10-19,Action,https://drive.google.com/file/d/1ud3-jBh0Rnh2WivmWRQS6s9U50sKYwzC/view?usp=drivesdk,IMG_20191019_114742.jpg
44763,2019-10-19,SchoenService,https://drive.google.com/file/d/1oyaqQI1j0NEv7sYennwX6xImB2GjBXBy/view?usp=drivesdk,IMG_20191023_120950.jpg
44764,2019-10-19,SchoenService,https://drive.google.com/file/d/1oyaqQI1j0NEv7sYennwX6xImB2GjBXBy/view?usp=drivesdk,IMG_20191023_120950.jpg
44812,2019-11-01,Action,https://drive.google.com/file/d/1RG4ZCvplAUTm51LoZgzAZS-qgD6qBg63/view?usp=drivesdk,IMG_20191101_142738.jpg
44813,2019-11-01,Action,https://drive.google.com/file/d/1RG4ZCvplAUTm51LoZgzAZS-qgD6qBg63/view?usp=drivesdk,IMG_20191101_142738.jpg
44815,2019-11-05,Kruidvat,https://drive.google.com/file/d/1GQgv2hIJ8Dzxsc5QMzuOudV-7kqWfaY3/view?usp=drivesdk,kruidvat_20191105_151416.jpg
44816,2019-11-05,Kruidvat,https://drive.google.com/file/d/1GQgv2hIJ8Dzxsc5QMzuOudV-7kqWfaY3/view?usp=drivesdk,kruidvat_20191105_151416.jpg
44837,2019-11-02,Google,https://drive.google.com/file/d/1rdWFnQR_60rNZPIY4OwW5z-27U9Bz-2E/view?usp=drivesdk,Google 20191102.png
44838,2019-11-02,Google,https://drive.google.com/file/d/1rdWFnQR_60rNZPIY4OwW5z-27U9Bz-2E/view?usp=drivesdk,Google 20191102.png
44941,2019-11-20,Action,https://drive.google.com/file/d/1ha95LNyZXy8f8ll5XYCKUdIK6hR-OwDr/view?usp=drivesdk,IMG_20191120_131613.jpg
44942,2019-11-20,Action,https://drive.google.com/file/d/1ha95LNyZXy8f8ll5XYCKUdIK6hR-OwDr/view?usp=drivesdk,IMG_20191120_131613.jpg
45119,2019-12-18,Action,https://drive.google.com/file/d/1ZXXga3L4S_EzGGeso_dwd-EM4uT9x-oB/view?usp=drivesdk,IMG_20191218_132405_1.jpg
45120,2019-12-18,Action,https://drive.google.com/file/d/1ZXXga3L4S_EzGGeso_dwd-EM4uT9x-oB/view?usp=drivesdk,IMG_20191218_132405_1.jpg
45187,2019-12-28,Action,https://drive.google.com/file/d/1fgebKC9s935UUdB54fjRkOGa5b4wsMLs/view?usp=drivesdk,IMG_20191228_151035.jpg
45188,2019-12-28,Action,https://drive.google.com/file/d/1fgebKC9s935UUdB54fjRkOGa5b4wsMLs/view?usp=drivesdk,IMG_20191228_151035.jpg
45202,2019-12-31,Afvalheffing,https://drive.google.com/file/d/16_cpf217QDAqQYNltnup3I-xYQdM_upv/view?usp=drivesdk,IMG_20200102_113009.jpg
45265,2020-01-07,MM Hoofddorp,https://drive.google.com/file/d/1iqh7nOYTsTk47ePpYRa5tUO0O_r8Vz1c/view?usp=drivesdk,IMG_20200107_163401.jpg
45266,2020-01-07,MM Hoofddorp,https://drive.google.com/file/d/1iqh7nOYTsTk47ePpYRa5tUO0O_r8Vz1c/view?usp=drivesdk,IMG_20200107_163401.jpg
45285,2020-02-03,FAIRPLAZA,https://drive.google.com/file/d/1mM3oqkEUlUZIOOgugQEWjebHLrjPBMdH/view?usp=drivesdk,FairPlaza_20200203_143132.jpg
45286,2020-02-03,FAIRPLAZA,https://drive.google.com/file/d/1mM3oqkEUlUZIOOgugQEWjebHLrjPBMdH/view?usp=drivesdk,FairPlaza_20200203_143132.jpg
45514,2020-02-09,Gamma,https://drive.google.com/file/d/1dxhrX-W9UB6KQ7XDloRJUX7blVQBNH9w/view?usp=drivesdk,IMG_20200209_140848.jpg
45515,2020-02-09,Gamma,https://drive.google.com/file/d/1dxhrX-W9UB6KQ7XDloRJUX7blVQBNH9w/view?usp=drivesdk,IMG_20200209_140848.jpg
45516,2020-02-05,Blokker,https://drive.google.com/file/d/1yWsIy36CXP5I5TePVgTp1MZKGyy7ha_X/view?usp=drivesdk,IMG_20200205_174101.jpg
45517,2020-02-05,Blokker,https://drive.google.com/file/d/1yWsIy36CXP5I5TePVgTp1MZKGyy7ha_X/view?usp=drivesdk,IMG_20200205_174101.jpg
45518,2020-02-05,MM Hoofddorp,https://drive.google.com/file/d/1NfDY-gf9-7hjDD2b9hbZdWvVrdFtTCHr/view?usp=drivesdk,IMG_20200205_174032.jpg
45519,2020-02-05,MM Hoofddorp,https://drive.google.com/file/d/1NfDY-gf9-7hjDD2b9hbZdWvVrdFtTCHr/view?usp=drivesdk,IMG_20200205_174032.jpg
45522,2020-02-15,Action,https://drive.google.com/file/d/1n762eKN1myvUTyynU-JA7pVq7nUjz8Gx/view?usp=drivesdk,IMG_20200215_133259.jpg
45523,2020-02-15,Action,https://drive.google.com/file/d/1n762eKN1myvUTyynU-JA7pVq7nUjz8Gx/view?usp=drivesdk,IMG_20200215_133259.jpg
45547,2020-02-18,Action,https://drive.google.com/file/d/1j8M98Xjw-pemP--vCj-2kkJmJAXm7yy1/view?usp=drivesdk,20200218_135305.jpg
45548,2020-02-18,Action,https://drive.google.com/file/d/1j8M98Xjw-pemP--vCj-2kkJmJAXm7yy1/view?usp=drivesdk,20200218_135305.jpg
45564,2020-02-25,Action,https://drive.google.com/file/d/1Tvn8M-ipRCdNbJx--fwcGX7mFussp7on/view?usp=drivesdk,IMG_20200225_165540.jpg
45565,2020-02-25,Action,https://drive.google.com/file/d/1Tvn8M-ipRCdNbJx--fwcGX7mFussp7on/view?usp=drivesdk,IMG_20200225_165540.jpg
45625,2020-02-28,Action,https://drive.google.com/file/d/1AJblrOZAQ-9x-khmjkdQ8ygKreLjTLKk/view?usp=drivesdk,IMG_20200228_141725.jpg
45626,2020-02-28,Action,https://drive.google.com/file/d/1AJblrOZAQ-9x-khmjkdQ8ygKreLjTLKk/view?usp=drivesdk,IMG_20200228_141725.jpg
45689,2020-03-11,Action,https://drive.google.com/file/d/1wMOF65Jrip5UtejzogW7rtP6IHW8kqqT/view?usp=drivesdk,20200311_152730.jpg
45690,2020-03-11,Action,https://drive.google.com/file/d/1wMOF65Jrip5UtejzogW7rtP6IHW8kqqT/view?usp=drivesdk,20200311_152730.jpg
45761,2020-03-18,Intratuin,https://drive.google.com/file/d/1aPZIstTBVpvkxGxvuTIu-IBeqoLZ2ZBK/view?usp=drivesdk,20200318_152857.jpg
45762,2020-03-18,Intratuin,https://drive.google.com/file/d/1aPZIstTBVpvkxGxvuTIu-IBeqoLZ2ZBK/view?usp=drivesdk,20200318_152857.jpg
45933,2020-04-21,Gamma,https://drive.google.com/file/d/1B4Qs7IZeMkKBiRO4ebawHPCpMZzL9A76/view?usp=drivesdk,IMG_20200421_112105.jpg
45934,2020-04-21,Gamma,https://drive.google.com/file/d/1B4Qs7IZeMkKBiRO4ebawHPCpMZzL9A76/view?usp=drivesdk,IMG_20200421_112105.jpg
45935,2020-04-22,Tahoua,https://drive.google.com/file/d/1pUkOobe1p_QNCFniN8V_RNJMOzaGeqE0/view?usp=drivesdk,Tahoua_20200424_183340.jpg
45936,2020-04-22,Tahoua,https://drive.google.com/file/d/1pUkOobe1p_QNCFniN8V_RNJMOzaGeqE0/view?usp=drivesdk,Tahoua_20200424_183340.jpg
45937,2020-04-23,Action,https://drive.google.com/file/d/1wZBmX44m687_mh1pVvsSEm1g5k7WIcj-/view?usp=drivesdk,20200423_154436.jpg
45938,2020-04-23,Action,https://drive.google.com/file/d/1wZBmX44m687_mh1pVvsSEm1g5k7WIcj-/view?usp=drivesdk,20200423_154436.jpg
45990,2020-03-20,Van den Heuvel Hoveniers,https://drive.google.com/file/d/1HDEFYHljZpZeyFTCc2J_9CgnLmSk0ppG/view?usp=drivesdk,IMG_20200506_141931.jpg
45991,2020-03-20,Van den Heuvel Hoveniers,https://drive.google.com/file/d/1HDEFYHljZpZeyFTCc2J_9CgnLmSk0ppG/view?usp=drivesdk,IMG_20200506_141931.jpg
46144,2020-05-27,Action,https://drive.google.com/file/d/1gBw2OyL0EALslhpV_8Fg8YlIzXx-lhig/view?usp=drivesdk,IMG_20200527_163720.jpg
46145,2020-05-27,Action,https://drive.google.com/file/d/1gBw2OyL0EALslhpV_8Fg8YlIzXx-lhig/view?usp=drivesdk,IMG_20200527_163720.jpg
46153,2020-06-12,Action,https://drive.google.com/file/d/19PY0g02lm5wl70V-mwjW3yqqCBSTh8bw/view?usp=drivesdk,20200612_135938.jpg
46228,2020-06-12,Action,https://drive.google.com/file/d/19PY0g02lm5wl70V-mwjW3yqqCBSTh8bw/view?usp=drivesdk,20200612_135938.jpg
46290,2020-06-26,Action,https://drive.google.com/file/d/1Rj7lGJjel5CwCU8ma5G8vwuNQdRTT1Vs/view?usp=drivesdk,IMG_20200626_115528.jpg
46291,2020-06-26,Action,https://drive.google.com/file/d/1Rj7lGJjel5CwCU8ma5G8vwuNQdRTT1Vs/view?usp=drivesdk,IMG_20200626_115528.jpg
46411,2020-07-14,Gamma,https://drive.google.com/file/d/1AAxla8OTfaFU1z1rVexW6hFnEI-jC2Po/view?usp=drivesdk,IMG_20200714_141635.jpg
46412,2020-07-14,Gamma,https://drive.google.com/file/d/1AAxla8OTfaFU1z1rVexW6hFnEI-jC2Po/view?usp=drivesdk,IMG_20200714_141635.jpg
46413,2020-07-15,MM Hoofddorp,https://drive.google.com/file/d/19a28G91DincSm2sWUdzKsX5rwiYK_9HC/view?usp=drivesdk,IMG_20200715_112516.jpg
46414,2020-07-15,MM Hoofddorp,https://drive.google.com/file/d/19a28G91DincSm2sWUdzKsX5rwiYK_9HC/view?usp=drivesdk,IMG_20200715_112516.jpg
46415,2020-07-22,Action,https://drive.google.com/file/d/1Kv45mBjzGzZQnEZwFj4Ib9wvtMWJ41Lw/view?usp=drivesdk,20200722_164627.jpg
46416,2020-07-22,Action,https://drive.google.com/file/d/1Kv45mBjzGzZQnEZwFj4Ib9wvtMWJ41Lw/view?usp=drivesdk,20200722_164627.jpg
46515,2020-07-31,Action,https://drive.google.com/file/d/1QfqiqYgvlbGhjOzqYumenT3Qz352rV8Y/view?usp=drivesdk,IMG_20200731_154314.jpg
46516,2020-07-31,Action,https://drive.google.com/file/d/1QfqiqYgvlbGhjOzqYumenT3Qz352rV8Y/view?usp=drivesdk,IMG_20200731_154314.jpg
46519,2020-08-08,MM Hoofddorp,https://drive.google.com/file/d/1Mz2qymnkXwT5TpaR8lM_eWl4GUZoVyk7/view?usp=drivesdk,IMG_20200808_122917.jpg
46520,2020-08-08,MM Hoofddorp,https://drive.google.com/file/d/1Mz2qymnkXwT5TpaR8lM_eWl4GUZoVyk7/view?usp=drivesdk,IMG_20200808_122917.jpg
46565,2020-08-20,Action,https://drive.google.com/file/d/10pp0FcHbh11KFoUiP_nXQ1QlsEdpcwYG/view?usp=drivesdk,IMG_20200820_105035.jpg
46566,2020-08-20,Action,https://drive.google.com/file/d/10pp0FcHbh11KFoUiP_nXQ1QlsEdpcwYG/view?usp=drivesdk,IMG_20200820_105035.jpg
46567,2020-08-22,Action,https://drive.google.com/file/d/189EBwMjuwsFdDhJ3s5HVXUmxLx-dcbP4/view?usp=drivesdk,IMG_20200822_164734.jpg
46568,2020-08-22,Action,https://drive.google.com/file/d/189EBwMjuwsFdDhJ3s5HVXUmxLx-dcbP4/view?usp=drivesdk,IMG_20200822_164734.jpg
46618,2020-08-30,Action,https://drive.google.com/file/d/1XRzc6ineguBjbyYqp34r81_1TcBbEgJ4/view?usp=drivesdk,IMG_20200830_134106.jpg
46619,2020-08-30,Action,https://drive.google.com/file/d/1XRzc6ineguBjbyYqp34r81_1TcBbEgJ4/view?usp=drivesdk,IMG_20200830_134106.jpg
46680,2020-09-06,Action,https://drive.google.com/file/d/1RNQbcXBUzDVAVLAhENVBqveTbfHOvBsC/view?usp=drivesdk,IMG_20200906_132605.jpg
46681,2020-09-06,Action,https://drive.google.com/file/d/1RNQbcXBUzDVAVLAhENVBqveTbfHOvBsC/view?usp=drivesdk,IMG_20200906_132605.jpg
46682,2020-09-09,Barbosa do Brasil,https://drive.google.com/file/d/1hVPmY3cHHWW23l3d24IfTKHzjsy6_Tae/view?usp=drivesdk,Barbarosa 20200909_162015.jpg
46683,2020-09-09,Barbosa do Brasil,https://drive.google.com/file/d/1hVPmY3cHHWW23l3d24IfTKHzjsy6_Tae/view?usp=drivesdk,Barbarosa 20200909_162015.jpg
46684,2020-09-09,The Twinning Company,https://drive.google.com/file/d/1ud3cJjlsdJ9tdkSeXkOS_5pXc4kQNiST/view?usp=drivesdk,20200909_162047.jpg
46685,2020-09-09,The Twinning Company,https://drive.google.com/file/d/1ud3cJjlsdJ9tdkSeXkOS_5pXc4kQNiST/view?usp=drivesdk,20200909_162047.jpg
46688,2020-09-09,Gone Arty,https://drive.google.com/file/d/18ZvqH0_U5R1p6ZzxX4O5NTh689NL-Ez4/view?usp=drivesdk,Gone Arty 20200909_162057.jpg
46689,2020-09-09,Gone Arty,https://drive.google.com/file/d/18ZvqH0_U5R1p6ZzxX4O5NTh689NL-Ez4/view?usp=drivesdk,Gone Arty 20200909_162057.jpg
46690,2020-09-09,Fairplaza,https://drive.google.com/file/d/1UnEHQJrOSEsM0klkFfetLJu6R9eBTJMm/view?usp=drivesdk,FairPlaza_20200911_103557.jpg
46691,2020-09-09,Fairplaza,https://drive.google.com/file/d/1UnEHQJrOSEsM0klkFfetLJu6R9eBTJMm/view?usp=drivesdk,FairPlaza_20200911_103557.jpg
46748,2020-09-25,MM Hoofddorp,https://drive.google.com/file/d/1LthFPBLnVonBP5Pwr48tyJePO_e5nsT1/view?usp=drivesdk,IMG_20200925_144807.jpg
46749,2020-09-25,MM Hoofddorp,https://drive.google.com/file/d/1LthFPBLnVonBP5Pwr48tyJePO_e5nsT1/view?usp=drivesdk,IMG_20200925_144807.jpg
46750,2020-09-29,Action,https://drive.google.com/file/d/1qHSYRYanrZYU0JuJI_klAOlGvOC38yzo/view?usp=drivesdk,IMG_20200929_103448.jpg
46751,2020-09-29,Action,https://drive.google.com/file/d/1qHSYRYanrZYU0JuJI_klAOlGvOC38yzo/view?usp=drivesdk,IMG_20200929_103448.jpg
46851,2020-02-28,Afvalheffing,https://drive.google.com/file/d/16_cpf217QDAqQYNltnup3I-xYQdM_upv/view?usp=drivesdk,IMG_20200102_113009.jpg
46884,2020-10-06,Action,https://drive.google.com/file/d/1G6ddTe8r7--Esp8G_KHSRs_0oIrazGQe/view?usp=drivesdk,IMG_20201006_154700.jpg
46885,2020-10-06,Action,https://drive.google.com/file/d/1G6ddTe8r7--Esp8G_KHSRs_0oIrazGQe/view?usp=drivesdk,IMG_20201006_154700.jpg
46958,2020-10-12,Budget Sanitair,https://drive.google.com/file/d/1q01lgkIdWeo5ygG59Hh-8ATLQe6Z2bpD/view?usp=drivesdk,Budget Sanitair 220201012.png
46959,2020-10-12,Budget Sanitair,https://drive.google.com/file/d/1q01lgkIdWeo5ygG59Hh-8ATLQe6Z2bpD/view?usp=drivesdk,Budget Sanitair 220201012.png
47031,2020-10-24,Action,https://drive.google.com/file/d/1bHFb_wqGTuzSMPMoVecxQegE1_ugK9SQ/view?usp=drivesdk,IMG_20201024_143132.jpg
47032,2020-10-24,Action,https://drive.google.com/file/d/1bHFb_wqGTuzSMPMoVecxQegE1_ugK9SQ/view?usp=drivesdk,IMG_20201024_143132.jpg
47058,2020-09-09,Gone Arty,https://drive.google.com/file/d/18ZvqH0_U5R1p6ZzxX4O5NTh689NL-Ez4/view?usp=drivesdk,Gone Arty 20200909_162057.jpg
47113,2020-11-13,Action,https://drive.google.com/file/d/1R5Zu3qid5xZLcssFpEv8S6vqXSaS9E6h/view?usp=drivesdk,IMG_20201113_142328.jpg
47114,2020-11-13,Action,https://drive.google.com/file/d/1R5Zu3qid5xZLcssFpEv8S6vqXSaS9E6h/view?usp=drivesdk,IMG_20201113_142328.jpg
47270,2020-12-10,Action,https://drive.google.com/file/d/1ns_DWYLZ4kw2Kh9m3u46YGQfJRujb2Cr/view?usp=drivesdk,IMG_20201210_162452.jpg
47271,2020-12-10,Action,https://drive.google.com/file/d/1ns_DWYLZ4kw2Kh9m3u46YGQfJRujb2Cr/view?usp=drivesdk,IMG_20201210_162452.jpg
48557,2021-06-08,Afstandsbediening,https://drive.google.com/file/d/1pePITYuAHLZzF_OEhEg7p1FC_VYt853c/view?usp=drivesdk,Afstandsbediening 2024-07-22 234358.png
48558,2021-06-08,Afstandsbediening,https://drive.google.com/file/d/1pePITYuAHLZzF_OEhEg7p1FC_VYt853c/view?usp=drivesdk,Afstandsbediening 2024-07-22 234358.png
48621,2021-07-15,Action,https://drive.google.com/file/d/1y_t8xTUz3nEJu5t1CoVR43pdGM6_LoBd/view?usp=drivesdk,IMG_20210715_130724.jpg
48622,2021-07-15,Action,https://drive.google.com/file/d/1y_t8xTUz3nEJu5t1CoVR43pdGM6_LoBd/view?usp=drivesdk,IMG_20210715_130724.jpg
48623,2021-07-21,Action,https://drive.google.com/file/d/1ocp6cDbD63AbULUisb9WK-6RjuhtrNgH/view?usp=drivesdk,IMG_20210721_153035.jpg
48624,2021-07-21,Action,https://drive.google.com/file/d/1ocp6cDbD63AbULUisb9WK-6RjuhtrNgH/view?usp=drivesdk,IMG_20210721_153035.jpg
48717,2021-07-31,Leen installatiebedrijf,https://drive.google.com/file/d/1XPYtuNdc5x4zIVU5toQekigs9cKgQG8i/view?usp=drivesdk,IMG_20210731_121225.jpg
48718,2021-07-31,Leen installatiebedrijf,https://drive.google.com/file/d/1XPYtuNdc5x4zIVU5toQekigs9cKgQG8i/view?usp=drivesdk,IMG_20210731_121225.jpg
48828,2021-08-09,bol.com,https://drive.google.com/file/d/17nChe8sd0_2f8T4QaCtZOFCrgqWvpM44/view?usp=drivesdk,SignProducts20210809.JPG
48829,2021-08-09,bol.com,https://drive.google.com/file/d/17nChe8sd0_2f8T4QaCtZOFCrgqWvpM44/view?usp=drivesdk,SignProducts20210809.JPG
48836,2021-09-01,Albert Heijn,https://drive.google.com/file/d/1JmI9bfcAAmLuH28Ql0VJekFji3lS-AEv/view?usp=drivesdk,20210901_154358.jpg
48837,2021-09-01,Albert Heijn,https://drive.google.com/file/d/1JmI9bfcAAmLuH28Ql0VJekFji3lS-AEv/view?usp=drivesdk,20210901_154358.jpg
48838,2021-09-01,Action,https://drive.google.com/file/d/1gYPovqrlIpAF3re8Pz99hn2xdcdvnooT/view?usp=drivesdk,20210901_152232.jpg
48839,2021-09-01,Action,https://drive.google.com/file/d/1gYPovqrlIpAF3re8Pz99hn2xdcdvnooT/view?usp=drivesdk,20210901_152232.jpg
49128,2021-09-05,Mundomi,https://drive.google.com/file/d/1asvkTFoWv4GuHX5lC5Y4JfaQD1XJwJot/view?usp=drivesdk,Mundomi_20211012_142756.jpg
49129,2021-09-05,Mundomi,https://drive.google.com/file/d/1asvkTFoWv4GuHX5lC5Y4JfaQD1XJwJot/view?usp=drivesdk,Mundomi_20211012_142756.jpg
49464,2021-12-04,SchoenService,https://drive.google.com/file/d/1azKPgZ1JquCybaNTbkvWvX84iqAaTNeL/view?usp=drivesdk,1638636091622.jpg
49465,2021-12-04,SchoenService,https://drive.google.com/file/d/1azKPgZ1JquCybaNTbkvWvX84iqAaTNeL/view?usp=drivesdk,1638636091622.jpg
49483,2021-12-02,Action,https://drive.google.com/file/d/1p2zr8N7jEuZOgNS_0V7wf0h7FpUMVe6u/view?usp=drivesdk,1638445002498.jpg
49484,2021-12-02,Action,https://drive.google.com/file/d/1p2zr8N7jEuZOgNS_0V7wf0h7FpUMVe6u/view?usp=drivesdk,1638445002498.jpg
49503,2021-12-11,De Zeeuw,https://drive.google.com/file/d/1GnwDPzQXthSOdAkrUbnfHebUZpDJB3il/view?usp=drivesdk,55-MG-HN-2021.jpg
49512,2021-12-09,Global Garden,https://drive.google.com/file/d/195zd9nYu09jb3B8h4396RP1rd__zry2G/view?usp=drivesdk,Global Garden 20211209_125517.jpg
49513,2021-12-09,Global Garden,https://drive.google.com/file/d/195zd9nYu09jb3B8h4396RP1rd__zry2G/view?usp=drivesdk,Global Garden 20211209_125517.jpg
50117,2022-02-17,Google,https://drive.google.com/file/d/1pOKJirdcQBA1WAQvXdTSiWS_6Lx7V8XF/view?usp=drivesdk,Screenshot 2024-07-22 175316.png
50118,2022-02-17,Google,https://drive.google.com/file/d/1pXDPRxqDnmyjOLeQOJ3_tASQR8olXhut/view?usp=drivesdk,Jabaki.nl 2024-07-22.png
50119,2022-02-27,Google,https://drive.google.com/file/d/1pTjdHH-HnElovCByHmyFr_oNcl41049T/view?usp=drivesdk,pgeers.nl 2024-07-22.png
50120,2022-02-25,Action,https://drive.google.com/file/d/1Odh0djmFD6VNg56NbwbDl-N7Dh0v5c7-/view?usp=drivesdk,Action 2022-02-05.jpg
50121,2022-02-25,Action,https://drive.google.com/file/d/1Odh0djmFD6VNg56NbwbDl-N7Dh0v5c7-/view?usp=drivesdk,Action 2022-02-05.jpg
50585,2022-05-10,Action,https://drive.google.com/file/d/1fL-lzwjwKa2UhqnJBoCpu_r0UD6mQcnt/view?usp=drivesdk,20220510_103830.jpg
50586,2022-05-10,Action,https://drive.google.com/file/d/1fL-lzwjwKa2UhqnJBoCpu_r0UD6mQcnt/view?usp=drivesdk,20220510_103830.jpg
51124,2022-07-01,Action,https://drive.google.com/file/d/1z3TPB1cpakjNwMPHq5bogdYhUDwDEOFF/view?usp=drivesdk,IMG_20220701_174537.jpg
51125,2022-07-01,Action,https://drive.google.com/file/d/1z3TPB1cpakjNwMPHq5bogdYhUDwDEOFF/view?usp=drivesdk,IMG_20220701_174537.jpg
51143,2022-07-12,Action,https://drive.google.com/file/d/1s_VF-K107tNLwrc7K51gx0L27ZrtC0iP/view?usp=drivesdk,1657623869869.jpg
51144,2022-07-12,Action,https://drive.google.com/file/d/1s_VF-K107tNLwrc7K51gx0L27ZrtC0iP/view?usp=drivesdk,1657623869869.jpg
51249,2022-08-02,WestCoast Motors,https://drive.google.com/file/d/1SMu_o3L-VYL4yf5Olk5rplajtKW_DDcl/view?usp=drivesdk,1659457105143.jpg
51250,2022-08-02,WestCoast Motors,https://drive.google.com/file/d/1SMu_o3L-VYL4yf5Olk5rplajtKW_DDcl/view?usp=drivesdk,1659457105143.jpg
51263,2022-07-29,vdValk,https://drive.google.com/file/d/1QUYGfssijJfqZFG_aE4PeS6Vl2y8bXEd/view?usp=drivesdk,vdValk 1659088495672.jpg
51264,2022-07-29,vdValk,https://drive.google.com/file/d/1QUYGfssijJfqZFG_aE4PeS6Vl2y8bXEd/view?usp=drivesdk,vdValk 1659088495672.jpg
51505,2022-08-18,Blokker,https://drive.google.com/file/d/1V0I9B9Z21lYsMVSWWkBU8HiauJ0bKqgu/view?usp=drivesdk,20220818_191100.jpg
51506,2022-08-18,Blokker,https://drive.google.com/file/d/1V0I9B9Z21lYsMVSWWkBU8HiauJ0bKqgu/view?usp=drivesdk,20220818_191100.jpg
51783,2022-09-23,Action,https://drive.google.com/file/d/1v4rQ30Lve3l4BZ85zmKXHGqaLmBAa8ik/view?usp=drivesdk,1663934662123.jpg
51784,2022-09-23,Action,https://drive.google.com/file/d/1v4rQ30Lve3l4BZ85zmKXHGqaLmBAa8ik/view?usp=drivesdk,1663934662123.jpg
51991,2022-10-26,Action,https://drive.google.com/file/d/1YesHtYnVZ-vQ4y68SmLjBZGnEbik9NCS/view?usp=drivesdk,20221026_163221.jpg
51992,2022-10-26,Action,https://drive.google.com/file/d/1YesHtYnVZ-vQ4y68SmLjBZGnEbik9NCS/view?usp=drivesdk,20221026_163221.jpg
52813,2023-02-23,Action,https://drive.google.com/file/d/1tGjNhJE31RWn-VQn1E2-G1GEHWgSMrh9/view?usp=drivesdk,20230223_111741.jpg
52814,2023-02-23,Action,https://drive.google.com/file/d/1tGjNhJE31RWn-VQn1E2-G1GEHWgSMrh9/view?usp=drivesdk,20230223_111741.jpg
53601,2023-05-23,Action,https://drive.google.com/file/d/1pqI8pkBBLw2uJHNvnkRqhNWEm_UGs6xN/view?usp=drivesdk,20230523_152344.jpg
53602,2023-05-23,Action,https://drive.google.com/file/d/1pqI8pkBBLw2uJHNvnkRqhNWEm_UGs6xN/view?usp=drivesdk,20230523_152344.jpg
53752,2023-05-30,bol.com,https://drive.google.com/file/d/1f8cl3f5qbSCc9ToTFig8w3D3rtkQwvVb/view?usp=drivesdk,20230601_143728.jpg
53753,2023-05-30,bol.com,https://drive.google.com/file/d/1f8cl3f5qbSCc9ToTFig8w3D3rtkQwvVb/view?usp=drivesdk,20230601_143728.jpg
54083,2023-06-01,Sikkens,https://drive.google.com/file/d/1QBqf-L7G9CVX2sWeTK989YK1SDSbrNDk/view?usp=drivesdk,20230601_143728.jpg
54084,2023-06-01,Sikkens,https://drive.google.com/file/d/1QBqf-L7G9CVX2sWeTK989YK1SDSbrNDk/view?usp=drivesdk,20230601_143728.jpg
54540,2023-09-05,Action,https://drive.google.com/file/d/1zqzMWaYoDkyeFYIs5Lmi_zawTvflhsAy/view?usp=drivesdk,20230905_113531.jpg
54541,2023-09-05,Action,https://drive.google.com/file/d/1zqzMWaYoDkyeFYIs5Lmi_zawTvflhsAy/view?usp=drivesdk,20230905_113531.jpg
55232,2023-12-06,Action,https://drive.google.com/file/d/1UsmAY0GpDkSby167rUQ6xVpWpEwQHLPn/view?usp=drivesdk,20231206_161013.jpg
55233,2023-12-06,Action,https://drive.google.com/file/d/1UsmAY0GpDkSby167rUQ6xVpWpEwQHLPn/view?usp=drivesdk,20231206_161013.jpg
55243,2023-11-22,Briters,https://drive.google.com/file/d/1px8XGwDj3ucKzRgd-zYEUdZQvYO2HucB/view?usp=drivesdk,Briters 202311.png
55244,2023-11-22,Briters,https://drive.google.com/file/d/1px8XGwDj3ucKzRgd-zYEUdZQvYO2HucB/view?usp=drivesdk,Briters 202311.png
55245,2023-11-22,Briters,https://drive.google.com/file/d/1pznpFcSm9RgIbi3ijJoV8zTzhMMUDF1J/view?usp=drivesdk,Briters 20231122.png
55246,2023-11-22,Briters,https://drive.google.com/file/d/1pznpFcSm9RgIbi3ijJoV8zTzhMMUDF1J/view?usp=drivesdk,Briters 20231122.png
55253,2023-12-27,Jaarbeurs,https://drive.google.com/file/d/1rvef5UhVL0TjMWwlU09TekF5qFdaA0UL/view?usp=drivesdk,Jaarbeurs 20231227.png
55254,2023-12-27,Jaarbeurs,https://drive.google.com/file/d/1rvef5UhVL0TjMWwlU09TekF5qFdaA0UL/view?usp=drivesdk,Jaarbeurs 20231227.png
55866,2024-03-03,Action,https://drive.google.com/file/d/1a9Nov2yCarf5uG78-pVWgFnt045-yfRA/view?usp=drivesdk,I20240303.jpg
55867,2024-03-03,Action,https://drive.google.com/file/d/1a9Nov2yCarf5uG78-pVWgFnt045-yfRA/view?usp=drivesdk,I20240303.jpg
55928,2024-03-06,Provadie,https://drive.google.com/file/d/1iQasVrLFXrEq6e70hYCn7z36fLoTEyLU/view?usp=drivesdk,HeinMakelaars2020306.jpg
55929,2024-03-06,Provadie,https://drive.google.com/file/d/1iQasVrLFXrEq6e70hYCn7z36fLoTEyLU/view?usp=drivesdk,HeinMakelaars2020306.jpg
56107,2024-03-30,Action,https://drive.google.com/file/d/1sombG9TjVoZR9ZYByxV1AhJz3swsBL40/view?usp=drivesdk,20240330_134637.jpg
56108,2024-03-30,Action,https://drive.google.com/file/d/1sombG9TjVoZR9ZYByxV1AhJz3swsBL40/view?usp=drivesdk,20240330_134637.jpg
56621,2024-04-13,Action,https://drive.google.com/file/d/1vugGEXr_OKfJYhAuFxoXs2hEfWI9r6lN/view?usp=drivesdk,20240425_120255.jpg
56622,2024-04-13,Action,https://drive.google.com/file/d/1vugGEXr_OKfJYhAuFxoXs2hEfWI9r6lN/view?usp=drivesdk,20240425_120255.jpg
56939,2024-05-21,Xenos,https://drive.google.com/file/d/1s1Jmq-duJqLidjTa9K4FJohFTwDXmBXA/view?usp=drivesdk,20240521_161847.jpg
56940,2024-05-21,Xenos,https://drive.google.com/file/d/1s1Jmq-duJqLidjTa9K4FJohFTwDXmBXA/view?usp=drivesdk,20240521_161847.jpg
56949,2024-05-12,Hornbach,https://drive.google.com/file/d/1WF6KQXxqcsF_rb0ODwZiAjxhxZTdvD_Z/view?usp=drivesdk,20240512_150943.jpg
56950,2024-05-12,Hornbach,https://drive.google.com/file/d/1WF6KQXxqcsF_rb0ODwZiAjxhxZTdvD_Z/view?usp=drivesdk,20240512_150943.jpg
56951,2024-05-12,Hornbach,https://drive.google.com/file/d/1Meh3HDQaSwuoIJrWJQQo_Mzn5DWiM3HP/view?usp=drivesdk,20240512_150821.jpg
56952,2024-05-12,Hornbach,https://drive.google.com/file/d/1Meh3HDQaSwuoIJrWJQQo_Mzn5DWiM3HP/view?usp=drivesdk,20240512_150821.jpg
57093,2024-06-06,Action,https://drive.google.com/file/d/10p2PkpJtULKxMi28A6C4duNzpq5ZbSnq/view?usp=drivesdk,20240606_114557.jpg
57094,2024-06-06,Action,https://drive.google.com/file/d/10p2PkpJtULKxMi28A6C4duNzpq5ZbSnq/view?usp=drivesdk,20240606_114557.jpg
57133,2024-06-17,Blokker,https://drive.google.com/file/d/1V-uKc4ZLiCjpK8F7txdvL4mwIk_b3WYs/view?usp=drivesdk,20240614_164059.jpg
57134,2024-06-17,Blokker,https://drive.google.com/file/d/1V-uKc4ZLiCjpK8F7txdvL4mwIk_b3WYs/view?usp=drivesdk,20240614_164059.jpg
57135,2024-06-12,SoLow,https://drive.google.com/file/d/1yf4Zg7BgR76KiUiQtF9wIldjp-XXTmzx/view?usp=drivesdk,20240612_131640.jpg
57136,2024-06-12,SoLow,https://drive.google.com/file/d/1yf4Zg7BgR76KiUiQtF9wIldjp-XXTmzx/view?usp=drivesdk,20240612_131640.jpg
57422,2024-07-21,Briters,https://drive.google.com/file/d/1t7WeZfn8RN9AO5-rrhdyUiH78x4Hqxi6/view?usp=drive_link,Briters 20240721.png
57423,2024-07-21,Briters,https://drive.google.com/file/d/1t7WeZfn8RN9AO5-rrhdyUiH78x4Hqxi6/view?usp=drive_link,Briters 20240721.png
58193,2024-10-30,Jumbo,https://drive.google.com/file/d/15Yxtve-pXKTlAxzXHTYwFK88jAY4XdYY/view?usp=drivesdk,20241030_114707.jpg
58194,2024-10-30,Jumbo,https://drive.google.com/file/d/15Yxtve-pXKTlAxzXHTYwFK88jAY4XdYY/view?usp=drivesdk,20241030_114707.jpg
58756,2024-12-31,Sikkens,https://drive.google.com/file/d/1Jmk-Sw9M8RqecGP4tBHiAqO_YdtYu5B3/view?usp=drivesdk,sikkens20241231.pdf
58757,2024-12-31,Sikkens,https://drive.google.com/file/d/1Jmk-Sw9M8RqecGP4tBHiAqO_YdtYu5B3/view?usp=drivesdk,sikkens20241231.pdf
59951,2025-05-13,Intratuin,https://drive.google.com/file/d/1JlxoLylMEEtNj1cgJPgzQ2qby3dG29gd/view?usp=drivesdk,Intratuin 202505.jpg
59952,2025-05-13,Intratuin,https://drive.google.com/file/d/1JlxoLylMEEtNj1cgJPgzQ2qby3dG29gd/view?usp=drivesdk,Intratuin 202505.jpg
